"X","artist_name","genres","followers","artist_popularity","artist_url","track_name","album_name","release_date","duration_ms","explicit","track_popularity","danceability","energy","key","loudness","mode","speechiness","acousticness","instrumentalness","liveness","valence","tempo","cluster_kmeans","cluster_pam","cluster_clara"
267,"Arcángel","latin hip hop, reggaeton, trap latino, urbano latino",15017847,77,"https://open.spotify.com/artist/4SsVbpTthjScTS7U2hmr1X","X'CLUSIVO - REMIX","X'CLUSIVO (REMIX)","2024-02-29",208133,"True",77,0.813,0.552,6,-6.328,1,0.0769,0.0702,0.000195,0.0542,0.773,146.953,2,1,1
803,"Rauw Alejandro","puerto rican pop, reggaeton, trap latino, urbano latino",22919287,79,"https://open.spotify.com/artist/1mcTU81TzQhprhouKaTkpq","Déjame Entrar","Déjame Entrar","2024-07-18",254705,"True",79,0.674,0.7,0,-5.809,1,0.0473,0.342,3.57e-05,0.0994,0.255,102.031,2,1,1
457,"Alfredo Olivas","banda, corrido, musica mexicana, norteno, sad sierreno, sierreno",8774350,78,"https://open.spotify.com/artist/5xYNmNkaWRqu3e5F4UXME8","Vete","ALFA & OMEGA","2022-09-30",185240,"False",78,0.626,0.708,5,-7.097,1,0.0556,0.442,3.04e-06,0.137,0.883,168.162,1,1,1
140,"Romeo Santos","bachata, latin hip hop, latin pop, urbano latino",22006054,78,"https://open.spotify.com/artist/5lwmRuXgjX8xIwlnauTZIP","Imitadora","Golden","2017-07-21",234828,"False",78,0.737,0.709,8,-6.889,0,0.045,0.333,0,0.289,0.556,125.997,2,1,1
630,"La Arrolladora Banda El Limón De Rene Camacho","banda, musica mexicana, norteno",7005423,69,"https://open.spotify.com/artist/5bSfBBCxY8QAk4Pifveisz","Entre Beso Y Beso","Calidad Y Cantidad","2018-03-23",182306,"False",69,0.863,0.641,9,-4.543,0,0.0379,0.197,0,0.0793,0.964,129.898,2,1,1
338,"El Alfa","dembow, rap dominicano, trap latino, urbano latino",3571462,75,"https://open.spotify.com/artist/2oQX8QiMXOyuqbcZEFsZfm","4K","4K","2020-03-12",201500,"False",75,0.918,0.893,3,-4.585,0,0.142,0.346,0.012,0.118,0.802,120.012,2,2,2
346,"El Alfa","dembow, rap dominicano, trap latino, urbano latino",3571462,69,"https://open.spotify.com/artist/2oQX8QiMXOyuqbcZEFsZfm","Besalo","El Androide","2020-05-15",163265,"False",69,0.765,0.79,4,-2.129,0,0.0488,0.394,0.000487,0.142,0.613,147.03,2,1,1
339,"El Alfa","dembow, rap dominicano, trap latino, urbano latino",3571462,75,"https://open.spotify.com/artist/2oQX8QiMXOyuqbcZEFsZfm","Tacata (Remix)","Tacata (Remix)","2023-12-22",156716,"True",75,0.922,0.678,9,-6.016,1,0.146,0.377,0.00279,0.412,0.58,134.012,2,2,2
935,"Alvaro Diaz","trap boricua, urbano latino",842057,67,"https://open.spotify.com/artist/5J7rXWjtn5HzUkJ4Jet8Fr","MAMI 100PRE SABE (INTERLUDE)","SAYONARA","2024-05-17",137933,"False",67,0.274,0.329,0,-11.206,1,0.0325,0.881,8.49e-05,0.192,0.362,171.38,1,3,3
151,"Aventura","bachata, bachata dominicana, latin hip hop, latin pop, tropical, urbano latino",8480094,77,"https://open.spotify.com/artist/1qto4hHid1P71emI6Fd8xi","Los Infieles","K.O.B. Live","2006-12-19",257186,"False",77,0.745,0.716,9,-8.221,0,0.0411,0.202,0,0.059,0.817,132.932,2,1,1
632,"La Arrolladora Banda El Limón De Rene Camacho","banda, musica mexicana, norteno",7005423,68,"https://open.spotify.com/artist/5bSfBBCxY8QAk4Pifveisz","Te Estaré Esperando","Más Adelante","2009-01-01",244106,"False",68,0.693,0.619,2,-4.955,1,0.0373,0.667,0,0.12,0.783,117.934,1,3,3
463,"Alfredo Olivas","banda, corrido, musica mexicana, norteno, sad sierreno, sierreno",8774350,74,"https://open.spotify.com/artist/5xYNmNkaWRqu3e5F4UXME8","En Definitiva","La Rueda De La Fortuna","2017-08-18",216266,"False",74,0.696,0.669,6,-4.509,0,0.0386,0.304,0,0.0953,0.62,139.998,2,1,1
68,"Anuel AA","reggaeton, reggaeton flow, trap boricua, trap latino, urbano latino",37214358,75,"https://open.spotify.com/artist/2R21vXR83lH98kGeO99Y66","Hasta Que Dios Diga","Emmanuel","2020-05-29",246000,"True",75,0.691,0.765,8,-4.727,1,0.111,0.464,3.29e-06,0.203,0.855,174.021,3,1,1
796,"Rauw Alejandro","puerto rican pop, reggaeton, trap latino, urbano latino",22919287,83,"https://open.spotify.com/artist/1mcTU81TzQhprhouKaTkpq","Desesperados","VICE VERSA","2021-12-10",224996,"True",83,0.869,0.694,1,-3.35,0,0.0783,0.356,0.00125,0.0878,0.511,90.02,2,2,2
152,"Aventura","bachata, bachata dominicana, latin hip hop, latin pop, tropical, urbano latino",8480094,76,"https://open.spotify.com/artist/1qto4hHid1P71emI6Fd8xi","El Malo","The Last","2009-06-09",238720,"False",76,0.812,0.506,1,-10.729,1,0.0533,0.143,0,0.132,0.701,125.941,1,1,1
66,"Anuel AA","reggaeton, reggaeton flow, trap boricua, trap latino, urbano latino",37214358,72,"https://open.spotify.com/artist/2R21vXR83lH98kGeO99Y66","Razones","Razones","2024-06-27",222727,"False",72,0.658,0.654,11,-4.344,1,0.0853,0.511,1.66e-06,0.552,0.523,165.018,3,1,1
933,"Alvaro Diaz","trap boricua, urbano latino",842057,67,"https://open.spotify.com/artist/5J7rXWjtn5HzUkJ4Jet8Fr","QUIZÁS SI QUIZÁS NO","SAYONARA","2024-05-17",203213,"False",67,0.654,0.767,5,-5.061,0,0.048,0.0556,0.00118,0.305,0.614,173.933,3,1,1
802,"Rauw Alejandro","puerto rican pop, reggaeton, trap latino, urbano latino",22919287,79,"https://open.spotify.com/artist/1mcTU81TzQhprhouKaTkpq","El Efecto","El Efecto","2019-03-15",217142,"False",79,0.849,0.781,0,-4.635,0,0.159,0.406,0,0.0801,0.893,84.041,2,2,2
272,"Arcángel","latin hip hop, reggaeton, trap latino, urbano latino",15017847,74,"https://open.spotify.com/artist/4SsVbpTthjScTS7U2hmr1X","ALV","Sentimiento, Elegancia y Más Maldad","2023-11-17",224285,"False",74,0.6,0.831,5,-3.858,1,0.0476,0.299,0,0.234,0.652,178.245,3,1,1
931,"Alvaro Diaz","trap boricua, urbano latino",842057,66,"https://open.spotify.com/artist/5J7rXWjtn5HzUkJ4Jet8Fr","BYAK","SAYONARA","2024-05-17",216346,"False",66,0.882,0.697,1,-3.756,1,0.0626,0.208,1.09e-05,0.0847,0.758,99.984,2,1,1
141,"Romeo Santos","bachata, latin hip hop, latin pop, urbano latino",22006054,78,"https://open.spotify.com/artist/5lwmRuXgjX8xIwlnauTZIP","Eres Mía","Fórmula, Vol. 2 (Deluxe Edition)","2014-02-25",250640,"False",78,0.843,0.729,6,-3.634,0,0.0374,0.401,1.2e-06,0.206,0.903,123.046,2,2,2
268,"Arcángel","latin hip hop, reggaeton, trap latino, urbano latino",15017847,70,"https://open.spotify.com/artist/4SsVbpTthjScTS7U2hmr1X","La Jumpa","Sr. Santos","2022-12-01",255693,"True",70,0.713,0.703,8,-5.769,1,0.194,0.298,0,0.321,0.576,123.06,3,1,1
799,"Rauw Alejandro","puerto rican pop, reggaeton, trap latino, urbano latino",22919287,80,"https://open.spotify.com/artist/1mcTU81TzQhprhouKaTkpq","LOKERA","SATURNO","2023-01-24",197101,"True",80,0.836,0.826,11,-2.66,0,0.0461,0.213,6.03e-06,0.0814,0.579,102.025,2,2,2
797,"Rauw Alejandro","puerto rican pop, reggaeton, trap latino, urbano latino",22919287,83,"https://open.spotify.com/artist/1mcTU81TzQhprhouKaTkpq","Cúrame","VICE VERSA","2021-12-10",164705,"True",83,0.765,0.625,9,-3.599,0,0.0548,0.584,0.00111,0.112,0.262,102.101,2,2,2
337,"El Alfa","dembow, rap dominicano, trap latino, urbano latino",3571462,78,"https://open.spotify.com/artist/2oQX8QiMXOyuqbcZEFsZfm","ESTE","ESTE","2024-07-04",162058,"False",78,0.921,0.682,2,-4.641,1,0.199,0.0425,0,0.175,0.391,102.969,2,2,2
149,"Aventura","bachata, bachata dominicana, latin hip hop, latin pop, tropical, urbano latino",8480094,79,"https://open.spotify.com/artist/1qto4hHid1P71emI6Fd8xi","El Perdedor","K.O.B. Live","2006-12-19",215213,"False",79,0.779,0.589,5,-10.645,1,0.0345,0.332,0,0.12,0.894,128.044,1,1,1
153,"Aventura","bachata, bachata dominicana, latin hip hop, latin pop, tropical, urbano latino",8480094,76,"https://open.spotify.com/artist/1qto4hHid1P71emI6Fd8xi","Volví","Volví","2021-08-03",230125,"True",76,0.725,0.86,1,-3.726,1,0.182,0.422,0.000284,0.0674,0.791,175.896,3,1,1
466,"Alfredo Olivas","banda, corrido, musica mexicana, norteno, sad sierreno, sierreno",8774350,70,"https://open.spotify.com/artist/5xYNmNkaWRqu3e5F4UXME8","Seguramente","La Rueda De La Fortuna","2017-08-18",196666,"False",70,0.805,0.845,7,-3.577,1,0.031,0.368,0,0.15,0.96,99.988,2,2,2
459,"Alfredo Olivas","banda, corrido, musica mexicana, norteno, sad sierreno, sierreno",8774350,76,"https://open.spotify.com/artist/5xYNmNkaWRqu3e5F4UXME8","El Vals Del Olvido","El Día De Los Muertos","2019-10-25",209266,"False",76,0.725,0.47,7,-4.764,0,0.0381,0.406,0,0.0624,0.931,105.965,1,1,1
631,"La Arrolladora Banda El Limón De Rene Camacho","banda, musica mexicana, norteno",7005423,55,"https://open.spotify.com/artist/5bSfBBCxY8QAk4Pifveisz","De Ti Exclusivo","Para Ti Exclusivo (En Vivo Desde Arandas Jalisco)","2007-01-01",196360,"False",55,0.665,0.463,7,-7.068,1,0.0412,0.704,1.53e-05,0.104,0.786,124.996,1,3,3
625,"La Arrolladora Banda El Limón De Rene Camacho","banda, musica mexicana, norteno",7005423,73,"https://open.spotify.com/artist/5bSfBBCxY8QAk4Pifveisz","Ya Te Perdí La Fe","Ojos En Blanco","2014-12-15",147053,"False",73,0.755,0.5,0,-6.307,1,0.0513,0.689,1.35e-06,0.0685,0.97,149.957,1,3,3
627,"La Arrolladora Banda El Limón De Rene Camacho","banda, musica mexicana, norteno",7005423,73,"https://open.spotify.com/artist/5bSfBBCxY8QAk4Pifveisz","Mi Segunda Vida","Gracias Por Creer","2013-01-01",187640,"False",73,0.632,0.479,8,-5.577,1,0.0283,0.74,0,0.105,0.498,114.04,1,1,1
804,"Rauw Alejandro","puerto rican pop, reggaeton, trap latino, urbano latino",22919287,79,"https://open.spotify.com/artist/1mcTU81TzQhprhouKaTkpq","Dile a El","Afrodisíaco","2020-11-13",209540,"True",79,0.784,0.587,4,-3.572,0,0.0767,0.375,0.00109,0.111,0.261,90.032,2,1,1
274,"Arcángel","latin hip hop, reggaeton, trap latino, urbano latino",15017847,73,"https://open.spotify.com/artist/4SsVbpTthjScTS7U2hmr1X","Me Prefieres A Mi","Me Prefieres A Mi","2012-01-01",195657,"False",73,0.726,0.604,7,-8.127,1,0.0846,0.546,2.71e-05,0.913,0.788,80.994,3,2,2
929,"Alvaro Diaz","trap boricua, urbano latino",842057,80,"https://open.spotify.com/artist/5J7rXWjtn5HzUkJ4Jet8Fr","GATITAS SANDUNGUERAS VOL.1","SAYONARA","2024-05-17",131853,"False",80,0.769,0.842,1,-3.164,1,0.0446,0.169,3.23e-05,0.266,0.417,97.04,2,2,2
270,"Arcángel","latin hip hop, reggaeton, trap latino, urbano latino",15017847,65,"https://open.spotify.com/artist/4SsVbpTthjScTS7U2hmr1X","Hace Mucho Tiempo","Sentimiento, Elegancia y Maldad","2013-11-19",171333,"False",65,0.687,0.782,8,-5.571,0,0.072,0.629,3.15e-05,0.106,0.72,89.978,1,1,1
155,"Aventura","bachata, bachata dominicana, latin hip hop, latin pop, tropical, urbano latino",8480094,74,"https://open.spotify.com/artist/1qto4hHid1P71emI6Fd8xi","Enseñame a Olvidar","We Broke The Rules","2002-06-01",348826,"False",74,0.781,0.491,8,-8.793,1,0.0444,0.471,0,0.0972,0.913,124.971,1,3,3
64,"Anuel AA","reggaeton, reggaeton flow, trap boricua, trap latino, urbano latino",37214358,76,"https://open.spotify.com/artist/2R21vXR83lH98kGeO99Y66","SERIO CON ESE Q","SERIO CON ESE Q","2024-07-25",247468,"True",76,0.693,0.775,8,-4.244,1,0.0665,0.296,0,0.232,0.501,93.013,2,1,1
67,"Anuel AA","reggaeton, reggaeton flow, trap boricua, trap latino, urbano latino",37214358,75,"https://open.spotify.com/artist/2R21vXR83lH98kGeO99Y66","Adicto (with Anuel AA & Ozuna)","Adicto (with Anuel AA & Ozuna)","2019-08-22",270740,"False",75,0.734,0.836,10,-4.803,0,0.0735,0.017,1.64e-05,0.179,0.623,80.002,2,2,2
138,"Romeo Santos","bachata, latin hip hop, latin pop, urbano latino",22006054,80,"https://open.spotify.com/artist/5lwmRuXgjX8xIwlnauTZIP","X SI VOLVEMOS","MAÑANA SERÁ BONITO","2023-02-24",200120,"True",80,0.796,0.806,1,-3.441,0,0.321,0.332,0,0.104,0.56,178.007,3,1,1
139,"Romeo Santos","bachata, latin hip hop, latin pop, urbano latino",22006054,80,"https://open.spotify.com/artist/5lwmRuXgjX8xIwlnauTZIP","ÁNGEL","ÁNGEL","2024-07-25",184095,"False",80,0.826,0.596,11,-5.262,1,0.0357,0.292,0,0.166,0.869,127.922,2,2,2
144,"Romeo Santos","bachata, latin hip hop, latin pop, urbano latino",22006054,75,"https://open.spotify.com/artist/5lwmRuXgjX8xIwlnauTZIP","Ella Quiere Beber - Remix","Ella Quiere Beber (Remix)","2018-11-02",219357,"False",75,0.75,0.665,8,-3.083,1,0.124,0.265,0,0.0515,0.697,95.239,2,1,1
269,"Arcángel","latin hip hop, reggaeton, trap latino, urbano latino",15017847,76,"https://open.spotify.com/artist/4SsVbpTthjScTS7U2hmr1X","Tu No Vive Asi (feat. Mambo Kingz & DJ Luian)","Tu No Vive Asi (feat. Mambo Kingz & DJ Luian)","2016-09-30",264000,"True",76,0.815,0.514,6,-9.446,0,0.361,0.54,0,0.611,0.623,120.054,3,3,3
465,"Alfredo Olivas","banda, corrido, musica mexicana, norteno, sad sierreno, sierreno",8774350,71,"https://open.spotify.com/artist/5xYNmNkaWRqu3e5F4UXME8","El Sillón","El Día De Los Muertos","2019-10-25",199293,"False",71,0.774,0.595,2,-4.267,0,0.0345,0.175,1.38e-05,0.187,0.934,115.035,2,1,1
462,"Alfredo Olivas","banda, corrido, musica mexicana, norteno, sad sierreno, sierreno",8774350,74,"https://open.spotify.com/artist/5xYNmNkaWRqu3e5F4UXME8","Yo Todo Lo Doy","ALFA & OMEGA","2022-09-30",202453,"False",74,0.597,0.725,2,-6.686,0,0.136,0.306,0.000161,0.3,0.8,189.96,3,1,1
937,"Alvaro Diaz","trap boricua, urbano latino",842057,68,"https://open.spotify.com/artist/5J7rXWjtn5HzUkJ4Jet8Fr","PARANORMAL","DATA","2023-06-29",197935,"False",68,0.457,0.89,3,-4.074,1,0.179,0.116,3.71e-06,0.674,0.67,175.777,3,1,1
147,"Aventura","bachata, bachata dominicana, latin hip hop, latin pop, tropical, urbano latino",8480094,79,"https://open.spotify.com/artist/1qto4hHid1P71emI6Fd8xi","Ella Y Yo - Featuring Don Omar","God's Project","2005-04-26",267786,"False",79,0.732,0.708,9,-7.905,0,0.262,0.534,0,0.237,0.717,175.924,3,1,1
633,"La Arrolladora Banda El Limón De Rene Camacho","banda, musica mexicana, norteno",7005423,69,"https://open.spotify.com/artist/5bSfBBCxY8QAk4Pifveisz","Ya No Te Buscaré","Todo Depende De Ti","2010-01-01",191066,"False",69,0.703,0.566,0,-5.931,1,0.0274,0.267,0.000102,0.163,0.824,129.919,1,1,1
629,"La Arrolladora Banda El Limón De Rene Camacho","banda, musica mexicana, norteno",7005423,69,"https://open.spotify.com/artist/5bSfBBCxY8QAk4Pifveisz","Si Tu Amor No Vuelve","La Otra Cara De La Moneda","2005-01-01",247600,"False",69,0.728,0.408,0,-6.66,1,0.0401,0.807,1.45e-05,0.0727,0.806,124.02,1,3,3
800,"Rauw Alejandro","puerto rican pop, reggaeton, trap latino, urbano latino",22919287,81,"https://open.spotify.com/artist/1mcTU81TzQhprhouKaTkpq","DILUVIO","PLAYA SATURNO","2023-07-07",197052,"True",81,0.845,0.795,9,-3.502,0,0.0681,0.343,1.78e-05,0.224,0.681,94.969,2,2,2
