precio,agente_id,pais_id,recamaras,banos,m2_construccion,m2_terreno,pisos,codigo_frente_agua,codigo_vista,codigo_condicion,ano_construccion,ano_renovacion,codigo_postal,latitud,longitud,vista,condicion
494000,11,840,4,2.25,545.592,12801.6,1,0,0,3,1983,0,98045,47.4819,-121.744,0,2
671500,1,484,3,2.5,539.496,522.4272,3,0,0,3,2012,0,98103,47.6532,-122.348,0,2
630000,11,840,4,3,1109.472,1553.2608,2,0,0,3,2010,0,98118,47.5428,-122.27,0,2
355000,2,840,3,1,365.76,4876.8,1,0,0,3,1970,0,98072,47.7452,-122.101,0,2
795000,1,710,5,3.5,1014.984,1129.284,2,0,0,3,2008,0,98006,47.5567,-122.124,0,2
265000,1,826,2,1,304.8,9602.724,1,0,0,3,1960,0,98019,47.7659,-121.899,0,2
1049000,1,840,3,2.25,795.528,1023.2136,2,0,0,4,1926,0,98112,47.638,-122.306,0,3
236775,9,840,3,2.5,557.784,2551.7856,2,0,0,3,1987,0,98023,47.3116,-122.4,0,2
427200,2,484,3,1,313.944,2560.32,1,0,0,4,1963,0,98056,47.5364,-122.173,0,3
850000,9,124,2,1.5,673.608,1524,1,0,2,3,1951,0,98122,47.6122,-122.288,1,2
707900,5,840,3,1,533.4,1632.204,2,0,0,4,1929,0,98115,47.6792,-122.31,0,3
465000,1,484,1,1,310.896,975.36,1,0,0,3,1927,0,98109,47.6361,-122.343,0,2
908800,11,124,3,3,1042.416,2385.3648,2,0,0,4,1939,0,98144,47.5873,-122.29,0,3
480000,5,484,3,1.75,521.208,1243.584,1,0,0,4,1979,0,98136,47.5563,-122.392,0,3
975000,4,840,4,2.5,1042.416,55896.3576,2,0,0,3,2000,0,98053,47.633,-121.972,0,2
260000,2,124,4,1.75,551.688,2279.904,1,0,0,3,1977,0,98023,47.3275,-122.361,0,2
331950,11,356,4,2.5,771.144,3027.5784,2,0,2,3,1990,0,98092,47.2654,-122.216,1,2
678100,4,840,3,1.75,563.88,871.728,1.5,0,0,5,1931,0,98116,47.5853,-122.39,0,4
590000,1,840,4,2.25,771.144,3234.2328,1,0,0,5,1977,0,98006,47.5698,-122.132,0,4
299950,6,484,3,1,429.768,24695.2008,1,0,0,3,1949,1981,98058,47.4303,-122.067,0,2
580500,2,484,3,2.5,707.136,1213.104,2,0,0,3,2003,0,98027,47.5391,-122.07,0,2
850000,6,356,3,2.25,676.656,1129.8936,2,0,0,4,1919,0,98122,47.617,-122.286,0,3
656500,11,756,4,2,826.008,1447.8,1,0,0,4,1919,0,98115,47.6756,-122.305,0,3
490000,5,484,2,1,664.464,2834.64,1,0,0,4,1947,0,98177,47.7032,-122.371,0,3
525000,8,840,3,2,493.776,2377.44,1,0,0,3,1969,0,98034,47.7288,-122.171,0,2
560000,5,484,4,1.5,545.592,1042.416,1,0,0,4,1923,0,98103,47.6489,-122.337,0,3
527500,11,484,2,1,356.616,914.4,1.5,0,0,3,1910,0,98103,47.6697,-122.338,0,2
467000,11,484,5,2.25,762,4114.8,1,0,0,3,1979,0,98072,47.7564,-122.144,0,2
1225000,11,484,4,2.25,1063.752,2104.9488,2,0,0,4,1928,0,98199,47.6424,-122.407,0,3
690000,8,250,5,3.25,1018.032,2766.06,2,0,0,3,2005,0,98065,47.5446,-121.88,0,2
464600,1,484,3,1.75,341.376,1676.4,1.5,0,0,4,1925,0,98136,47.5445,-122.391,0,3
745000,3,124,3,1,423.672,2777.3376,1,0,0,4,1951,0,98004,47.6071,-122.197,0,3
139000,8,484,3,1,335.28,5283.4032,1,0,0,3,1978,0,98001,47.3003,-122.27,0,2
440000,11,356,3,2.5,316.992,314.5536,3,0,0,3,2007,0,98107,47.6673,-122.377,0,2
427000,11,410,5,2.75,676.656,1219.2,1,0,0,3,1973,0,98144,47.5754,-122.305,0,2
220000,11,840,4,2.5,682.752,2994.9648,1,0,0,4,1988,0,98023,47.314,-122.364,0,3
253000,8,124,3,2,454.152,2332.0248,1,0,0,3,1988,0,98003,47.3211,-122.325,0,2
650000,6,250,4,2,868.68,1370.6856,1.5,0,1,3,1910,0,98144,47.5876,-122.292,2,2
339275,1,840,3,1.5,484.632,2212.848,1,0,0,3,1964,0,98133,47.7753,-122.353,0,2
320000,11,484,3,2,573.024,3279.0384,1,0,0,5,1952,0,98059,47.5091,-122.144,0,4
470000,1,250,3,2,548.64,3861.5112,1,0,0,3,1956,1990,98033,47.6935,-122.173,0,2
257500,1,840,4,1.5,414.528,2841.6504,1,0,0,4,1968,0,98023,47.3168,-122.401,0,3
559000,1,170,2,3,502.92,292.608,3,0,0,3,2015,0,98103,47.6611,-122.346,0,2
500000,6,156,4,2.5,679.704,8226.2472,1,0,1,4,1962,0,98166,47.4285,-122.345,2,3
480000,1,643,3,1.75,890.016,6515.1,1,0,0,3,1961,0,98028,47.7666,-122.265,0,2
270000,8,76,3,1.75,490.728,1891.284,1,0,0,4,1979,0,98023,47.3004,-122.383,0,3
299950,5,356,3,2.25,417.576,1524,2,0,0,3,1990,0,98019,47.7372,-121.981,0,2
710000,8,356,4,2.5,932.688,1524,2,0,0,3,2006,0,98059,47.5395,-122.188,0,2
279000,7,124,3,2.5,469.392,2218.944,1,0,0,3,1974,0,98003,47.3102,-122.322,0,2
410000,4,356,4,2,481.584,2920.2888,1,0,0,3,1953,0,98033,47.692,-122.165,0,2
559950,11,840,5,3,832.104,2901.3912,1,0,0,3,2014,0,98155,47.7504,-122.307,0,2
585000,10,124,3,1.75,530.352,2895.6,1,0,3,4,1958,0,98146,47.4919,-122.365,4,3
625000,9,380,3,2.5,838.2,10668,2,0,0,3,1993,0,98077,47.75,-122.024,0,2
688000,7,630,4,3,1036.32,89221.9704,2,0,0,3,1998,0,98045,47.4883,-121.725,0,2
254500,1,840,4,2.75,783.336,2214.0672,2,0,0,3,1998,0,98092,47.258,-122.208,0,2
770000,8,484,3,2,716.28,1737.36,1.5,0,0,4,1939,0,98112,47.639,-122.31,0,3
261350,11,840,3,1.75,423.672,5547.36,1,0,0,4,1962,0,98023,47.3208,-122.337,0,3
417000,9,124,2,1,280.416,2011.68,1,0,0,3,1919,2003,98118,47.5452,-122.27,0,2
955000,4,840,4,3.25,1133.856,2061.972,2,0,0,3,2012,0,98053,47.688,-122.018,0,2
565000,2,170,3,2.5,518.16,2197.608,2,0,0,5,1966,0,98052,47.6688,-122.161,0,4
491500,3,484,3,2.25,475.488,3657.6,1,0,0,4,1968,0,98034,47.7256,-122.166,0,3
435000,11,124,2,2,438.912,356.616,2,0,0,3,2004,0,98116,47.5592,-122.385,0,2
267345,1,840,4,2.25,765.048,2488.692,1,0,0,4,1972,0,98023,47.3092,-122.372,0,3
594491,5,724,4,2.5,911.352,1840.0776,2,0,0,3,2013,0,98045,47.4766,-121.735,0,2
576000,4,756,3,1,347.472,1644.396,1,0,0,4,1909,0,98115,47.6782,-122.306,0,3
280000,2,840,4,2.5,624.84,2260.3968,2,0,0,3,1990,0,98092,47.2658,-122.219,0,2
560000,9,840,4,1.5,551.688,1036.32,2,0,0,3,1926,0,98112,47.6264,-122.302,0,2
348000,11,756,3,2.5,722.376,2286,1,0,3,3,1979,0,98198,47.4091,-122.331,4,2
658100,1,643,4,2.5,740.664,2593.5432,2,0,0,3,1992,0,98029,47.5714,-121.991,0,2
279000,1,156,4,2,603.504,3063.5448,1,0,0,3,1969,2003,98092,47.3231,-122.103,0,2
202200,7,484,2,1.75,405.384,658.0632,1,0,0,4,1979,0,98198,47.3822,-122.32,0,3
695000,4,840,4,2.5,917.448,3472.5864,2,0,0,3,2005,0,98028,47.7389,-122.221,0,2
372000,11,630,4,2.75,710.184,4320.54,1,0,0,3,1980,0,98031,47.4193,-122.194,0,2
679000,2,124,4,1.5,432.816,1500.5304,1.5,0,0,4,1928,0,98103,47.6901,-122.339,0,3
440000,1,124,4,1.5,515.112,989.076,1.5,0,0,3,1929,0,98126,47.5445,-122.375,0,2
655000,11,124,4,2.5,722.376,2900.7816,1,0,0,3,1984,0,98074,47.6222,-122.034,0,2
652500,7,124,4,2.5,822.96,2780.3856,2,0,0,3,1990,0,98029,47.5771,-121.994,0,2
295000,11,840,2,1,198.12,1645.92,1,0,0,3,1950,0,98122,47.6185,-122.295,0,2
499950,11,840,3,1.5,411.48,2839.212,1,0,0,3,1968,0,98052,47.6587,-122.124,0,2
660000,3,124,3,2.5,789.432,10863.072,1,0,0,3,1987,0,98029,47.5516,-122.03,0,2
279950,4,484,3,1.75,466.344,2682.24,1,0,0,4,1967,0,98058,47.4483,-122.158,0,3
470000,5,484,3,1.5,457.2,1524,1.5,0,0,4,1927,0,98117,47.679,-122.373,0,3
272500,9,484,3,1.75,469.392,3840.48,1,0,0,4,1980,0,98038,47.3624,-122.031,0,3
899000,2,484,3,1,451.104,2126.8944,2,0,0,4,1949,1985,98004,47.6497,-122.217,0,3
265000,7,356,3,2.5,576.072,1855.6224,2,0,0,3,1996,0,98002,47.2886,-122.218,0,2
883000,11,156,4,2.25,734.568,1219.2,2,0,0,5,1910,0,98115,47.6727,-122.316,0,4
252000,10,484,3,1.75,438.912,5126.4312,1.5,0,0,4,1925,0,98023,47.3318,-122.373,0,3
415000,4,840,3,2,612.648,10085.832,1.5,0,2,5,1986,0,98022,47.2133,-122.007,1,4
436300,1,840,3,2,707.136,2871.216,1,0,0,5,1952,0,98056,47.5133,-122.196,0,4
505000,1,840,3,2.5,608.076,452.0184,3,0,0,3,2005,0,98102,47.6025,-122.31,0,2
410000,9,840,2,1,451.104,1243.584,1,0,0,3,1949,0,98117,47.6842,-122.393,0,2
305495,11,840,3,1.75,643.128,3108.96,2,0,0,4,1966,0,98059,47.4744,-122.154,0,3
225000,1,484,2,1,313.944,2801.7216,1,0,0,4,1959,0,98058,47.4565,-122.181,0,3
415000,5,840,4,1.5,560.832,3464.6616,1.5,0,0,4,1950,0,98177,47.7656,-122.358,0,3
368000,7,124,3,1.75,521.208,3291.84,1,0,0,4,1958,0,98028,47.7391,-122.241,0,3
810000,1,840,4,3.5,1213.104,63862.6104,2,0,2,3,2006,0,98024,47.5574,-121.89,1,2
500000,11,124,2,1,536.448,8330.7936,1,1,4,4,1951,0,98198,47.3799,-122.325,3,3
530000,4,840,4,2.5,722.376,2926.3848,1,0,0,3,1976,0,98027,47.5327,-122.054,0,2
917500,11,124,4,2.5,1182.624,10668.9144,2,0,0,3,1984,0,98033,47.6477,-122.182,0,2
359950,6,484,3,2.25,591.312,3539.3376,1,0,0,4,1981,0,98178,47.5018,-122.23,0,3
273000,10,156,2,0.5,359.664,2362.2,1,0,0,4,1945,0,98155,47.769,-122.316,0,3
900000,1,840,3,3.5,1243.584,66354.0456,1.5,0,3,3,2000,0,98092,47.2604,-122.139,4,2
425000,11,840,2,1,234.696,1536.192,1,0,0,3,1930,0,98144,47.5964,-122.299,0,2
420000,10,356,4,1.75,591.312,3505.2,1,0,0,4,1955,0,98006,47.5774,-122.147,0,3
315000,11,643,3,1,326.136,2894.6856,1,0,0,3,1955,0,98028,47.7425,-122.23,0,2
267000,2,840,3,2.5,536.448,1974.1896,2,0,0,4,1986,0,98030,47.3731,-122.172,0,3
550000,8,484,3,1,384.048,1828.8,1,0,3,3,1951,0,98146,47.5058,-122.384,4,2
316000,11,484,3,1,307.848,2389.0224,1,0,0,4,1977,0,98019,47.7422,-121.981,0,3
354000,11,840,3,1.75,408.432,1920.24,1,0,0,3,1972,0,98034,47.7186,-122.218,0,2
384435,5,840,3,2.5,618.4392,1190.5488,2,0,0,3,2014,0,98003,47.341,-122.18,0,2
400000,11,484,3,2,411.48,2199.4368,1,0,0,3,1964,0,98177,47.7616,-122.365,0,2
987500,11,826,4,2.25,996.696,4803.648,1,0,0,4,1974,0,98040,47.5295,-122.229,0,3
490000,7,756,3,1.75,585.216,1647.444,1,0,2,4,1947,0,98126,47.5583,-122.38,1,3
794154,11,826,4,2,673.608,2607.8688,1,0,1,4,1954,0,98199,47.6498,-122.396,2,3
541125,1,484,5,2.75,835.152,2568.2448,1,0,0,4,1960,0,98006,47.5563,-122.184,0,3
239975,2,484,3,2.5,554.736,2207.3616,1,0,0,3,1959,0,98188,47.4318,-122.292,0,2
356200,9,484,3,2,515.112,3066.8976,1,0,2,5,1928,0,98178,47.5102,-122.241,1,4
490000,11,356,4,2.25,615.696,26155.8024,2,0,0,3,1995,0,98027,47.483,-122.026,0,2
698000,11,840,3,1.75,371.856,2269.8456,1,0,0,4,1964,0,98033,47.6886,-122.211,0,3
365000,6,156,3,1.75,429.768,2788.92,1,0,0,5,1959,0,98006,47.5683,-122.178,0,4
102500,9,56,2,1,249.936,1316.736,1,0,0,3,1937,0,98106,47.514,-122.359,0,2
740000,1,124,4,2.5,914.4,3167.4816,2,0,0,3,1995,0,98027,47.535,-122.049,0,2
324900,2,156,4,2.25,612.648,2218.944,2,0,0,4,1988,0,98032,47.3585,-122.286,0,3
1350000,7,840,5,3.5,1463.04,4567.1232,2,0,2,3,1998,0,98006,47.5543,-122.148,1,2
1200000,2,484,4,3.5,1197.864,13277.088,2,0,0,3,2003,0,98072,47.7497,-122.121,0,2
355300,10,124,3,2.5,493.776,2258.568,1,0,0,5,1955,0,98133,47.7708,-122.335,0,4
490000,8,840,3,2.25,429.768,2359.152,1,0,0,5,1923,0,98126,47.523,-122.371,0,4
530000,1,484,4,3,682.752,1700.784,2,0,0,5,1949,0,98118,47.5598,-122.27,0,4
310000,11,356,3,1.75,432.816,2331.72,1,0,0,4,1984,0,98056,47.4892,-122.182,0,3
475000,2,124,3,1.5,533.4,3850.2336,1,0,0,4,1952,0,98033,47.6736,-122.176,0,3
430000,3,156,4,2.75,554.736,1645.92,1,0,0,4,1988,0,98056,47.5204,-122.205,0,3
242000,7,124,3,2.25,515.112,2222.6016,1,0,0,3,1985,0,98003,47.2639,-122.303,0,2
335000,3,76,4,2.25,981.456,2404.5672,2,0,0,3,1978,0,98023,47.3112,-122.339,0,2
460000,8,156,3,1.75,393.192,2615.184,1,0,0,4,1962,0,98033,47.6707,-122.174,0,3
335000,1,566,3,1.75,740.664,2783.7384,1,0,0,4,1978,0,98059,47.5116,-122.157,0,3
185000,2,484,2,1,204.216,2057.4,1,0,0,4,1947,0,98188,47.4521,-122.283,0,3
1157200,2,840,4,4.25,1786.128,16120.5672,2,0,0,4,1996,0,98072,47.7245,-122.095,0,3
715000,11,410,3,1.75,502.92,2217.7248,1.5,0,4,4,1928,0,98117,47.6989,-122.399,3,3
762500,9,156,4,2.75,795.528,2670.048,1,0,0,4,1978,0,98040,47.5875,-122.229,0,3
375000,3,76,3,2,499.872,2971.8,1,0,0,3,1959,0,98028,47.7425,-122.241,0,2
312500,11,410,2,1.5,326.136,365.76,2,0,0,3,1999,0,98103,47.697,-122.347,0,2
185000,6,840,3,1.5,307.848,2363.724,1,0,0,3,1953,0,98148,47.4238,-122.332,0,2
386000,4,124,2,2.5,493.776,974.1408,2,0,0,3,2008,0,98065,47.5167,-121.878,0,2
325000,6,484,3,2.25,412.0896,516.3312,3,0,0,3,2007,0,98125,47.7265,-122.315,0,2
318500,7,484,4,2,542.544,2240.28,1,0,0,5,1974,0,98058,47.4562,-122.158,0,4
497000,2,124,4,2.25,685.8,1055.5224,2,0,0,4,1968,0,98052,47.6324,-122.106,0,3
275000,7,840,1,0.75,356.616,4312.6152,1,0,0,5,1962,0,98022,47.2653,-121.91,0,4
216500,1,156,3,1,310.896,3551.5296,1,0,0,4,1971,0,98188,47.4459,-122.278,0,3
272500,4,840,3,2.5,630.936,3017.52,1,0,0,3,1979,0,98023,47.2988,-122.371,0,2
340000,6,124,3,2.5,755.904,1862.9376,2,0,0,3,2004,0,98058,47.4387,-122.114,0,2
227000,11,840,3,1,408.432,3058.668,1,0,0,3,1959,0,98178,47.4916,-122.254,0,2
685000,9,840,3,1.75,451.104,2133.6,1,0,2,3,1963,0,98122,47.6018,-122.291,1,2
300000,1,826,4,2.5,670.56,2458.212,2,0,0,3,1998,0,98031,47.4042,-122.213,0,2
458500,9,76,2,1.75,353.568,2081.1744,1,0,0,3,1941,0,98115,47.6937,-122.298,0,2
267300,11,840,3,1.75,576.072,28412.8464,1,0,0,4,1964,0,98092,47.2568,-122.07,0,3
1210000,11,840,3,1.75,579.12,4145.28,1,0,0,4,1956,0,98004,47.6163,-122.219,0,3
362000,11,840,5,3,551.688,914.4,2,0,0,3,1998,0,98118,47.5622,-122.291,0,2
400000,8,840,3,2.25,359.664,4345.8384,2,0,0,3,1987,0,98034,47.7112,-122.238,0,2
135000,7,840,2,1,371.856,2209.8,1,0,0,4,1914,0,98010,47.3585,-121.975,0,3
507200,3,724,3,3.5,496.824,405.0792,2,0,0,3,2000,0,98122,47.6159,-122.306,0,2
545000,10,250,5,2.5,832.104,5254.752,1,0,0,5,1958,0,98028,47.7646,-122.267,0,4
3650000,10,840,6,4.75,1670.304,5913.4248,1.5,1,4,5,1936,0,98105,47.6515,-122.277,3,4
294000,8,840,4,2.5,673.608,2580.132,1,0,0,3,1990,0,98092,47.2647,-122.221,0,2
510000,5,840,3,2,606.552,2257.044,1,0,0,5,1971,0,98006,47.5421,-122.172,0,4
330000,4,76,3,2.5,569.976,1419.4536,2,0,0,3,2000,0,98055,47.4615,-122.214,0,2
460000,8,840,3,1.75,426.72,3704.844,1,0,0,4,1977,0,98075,47.5926,-122.047,0,3
354950,5,484,3,1.75,542.544,2953.2072,1,0,0,3,1976,0,98072,47.7628,-122.163,0,2
909000,1,156,4,2.5,1121.664,3550.3104,2,0,0,3,1986,0,98006,47.5604,-122.107,0,2
800000,1,124,3,2.25,493.776,1371.6,2,0,0,4,1926,0,98119,47.643,-122.361,0,3
378000,5,124,4,2.5,850.392,1417.32,2,0,0,3,2004,0,98038,47.3556,-122.026,0,2
470000,9,840,5,3.25,1191.768,2157.0696,2,0,0,3,2000,0,98038,47.3766,-122.027,0,2
850000,5,124,4,1.75,716.28,3631.3872,1,0,0,4,1961,0,98040,47.5392,-122.228,0,3
527950,5,124,4,1.75,536.448,1097.28,1,0,0,5,1926,0,98103,47.6889,-122.33,0,4
312500,11,124,4,0.5,701.04,1697.736,2,0,0,3,1996,0,98092,47.3285,-122.168,0,2
1015000,1,484,3,3.5,877.824,3456.432,1,0,0,3,1980,2013,98074,47.6113,-122.058,0,2
799500,9,410,4,2.5,841.248,1752.6,2,0,0,3,1993,0,98112,47.627,-122.303,0,2
275000,4,784,3,2.5,761.0856,1341.12,2,0,0,3,2007,0,98001,47.2873,-122.283,0,2
1100000,2,784,4,2.5,886.968,2706.9288,2,0,1,3,1932,0,98199,47.6424,-122.411,2,2
625000,4,784,4,1,487.68,1676.4,1.5,0,0,4,1946,0,98117,47.6983,-122.393,0,3
122000,5,124,2,1,262.128,1828.8,1,0,0,3,1945,0,98022,47.2109,-121.985,0,2
575000,5,124,4,2.5,880.872,2979.42,2,0,2,3,2004,0,98065,47.5339,-121.854,1,2
1098000,3,124,4,3.5,1392.936,4943.5512,2,0,0,3,2002,0,98075,47.5859,-121.968,0,2
678000,10,156,3,1.75,509.016,2197.608,1,0,0,5,1967,0,98008,47.6344,-122.116,0,4
810000,11,484,3,2,728.472,2446.02,2,0,0,5,1921,0,98105,47.6707,-122.288,0,4
771000,3,356,3,2.25,542.544,1865.376,1.5,0,0,4,1927,0,98122,47.6025,-122.286,0,3
325000,8,784,2,0.75,310.896,327.9648,2,0,0,3,2008,0,98144,47.5941,-122.299,0,2
412000,4,840,4,1.75,435.864,3200.4,1,0,0,4,1960,0,98007,47.6083,-122.132,0,3
215000,11,840,2,1,402.336,2702.052,1,0,0,4,1943,0,98168,47.4949,-122.3,0,3
741000,6,710,4,2.75,630.936,3086.1,1,0,0,3,1962,0,98040,47.5697,-122.219,0,2
799990,3,484,4,3.5,774.192,1770.2784,2,0,0,5,1910,1986,98117,47.6857,-122.376,0,4
410000,1,484,2,1.75,265.176,1219.2,1,0,0,3,1941,0,98126,47.5657,-122.376,0,2
1075000,9,410,4,2.75,911.352,2252.1672,1.5,0,0,4,1923,0,98144,47.5711,-122.284,0,3
298000,6,156,4,2.5,597.408,3596.0304,2,0,0,3,1999,0,98092,47.3293,-122.205,0,2
510000,1,784,3,2.5,832.104,2175.0528,2,0,0,3,2012,0,98198,47.3938,-122.321,0,2
638500,1,484,4,1.75,539.496,3798.4176,1,0,2,4,1962,0,98166,47.4355,-122.338,1,3
355200,2,124,3,1,341.376,2231.136,1,0,0,4,1954,0,98146,47.5103,-122.382,0,3
640000,2,840,3,3.5,530.352,601.98,2,0,3,3,1998,0,98122,47.6085,-122.311,4,2
264500,11,124,3,1.5,481.584,4279.392,1,0,0,3,1980,0,98001,47.2932,-122.267,0,2
360000,2,840,2,2,539.496,2318.6136,1,0,0,4,1987,0,98058,47.4287,-122.163,0,3
275000,9,840,2,1,256.032,1219.2,1,0,0,3,1942,0,98108,47.5531,-122.307,0,2
675000,8,380,4,2.5,621.792,2811.78,1,0,0,5,1968,0,98052,47.636,-122.097,0,4
337500,3,756,5,2,518.16,2229.3072,1,0,0,3,1956,0,98108,47.549,-122.305,0,2
497000,11,840,3,2.25,569.976,2839.212,1,0,0,3,1975,0,98034,47.705,-122.202,0,2
725000,2,840,4,2.5,838.2,4251.96,1,0,3,4,1948,0,98146,47.4938,-122.364,4,3
890000,8,356,4,2.75,795.528,1341.12,1,0,0,5,1920,0,98122,47.6158,-122.293,0,4
530000,10,840,4,2.5,789.432,2405.1768,2,0,0,3,2006,0,98056,47.5055,-122.194,0,2
307500,8,840,3,2.25,501.7008,2244.5472,2,0,0,3,1994,0,98038,47.3646,-122.037,0,2
3075000,7,643,4,5,1386.84,5681.7768,1,1,4,3,2002,0,98074,47.6053,-122.077,3,2
260000,2,124,3,2,496.824,2443.8864,1,0,0,3,2003,0,98001,47.2638,-122.243,0,2
300000,4,124,4,2.25,633.984,2346.96,1,0,0,3,1968,0,98058,47.4349,-122.17,0,2
403504,2,484,4,1,323.088,1752.6,1,0,0,3,1904,0,98199,47.6562,-122.389,0,2
200000,2,124,3,2,362.712,2082.6984,1,0,0,3,1995,0,98092,47.3191,-122.18,0,2
456000,9,380,4,1.75,509.016,3013.2528,1,0,0,5,1947,0,98125,47.7249,-122.287,0,4
560000,8,124,3,2.25,627.888,9570.72,2,0,0,3,1984,0,98074,47.6216,-122.056,0,2
396000,1,840,5,2.75,865.632,3734.7144,1,0,0,3,1960,0,98028,47.7618,-122.253,0,2
150000,9,356,3,1.5,374.904,2455.4688,1,0,0,4,1949,0,98168,47.4878,-122.314,0,3
727000,10,840,3,2.25,664.464,1280.16,1.5,0,0,5,1939,0,98112,47.6412,-122.302,0,4
390000,11,356,3,1.75,545.592,2171.0904,1,0,0,3,1913,1995,98019,47.7429,-121.981,0,2
372000,4,156,4,2.5,630.936,2638.9584,2,0,0,3,1999,0,98178,47.5072,-122.257,0,2
299950,1,840,3,1,368.808,2903.22,1,0,0,3,1955,0,98106,47.5274,-122.345,0,2
807000,11,124,3,2.5,591.312,1219.2,2,0,0,4,2000,0,98199,47.659,-122.398,0,3
765000,7,124,3,2,478.536,2133.6,2,0,2,4,1971,0,98122,47.6061,-122.286,1,3
225000,1,356,2,1,356.616,2176.8816,1,0,0,3,1951,0,98155,47.7497,-122.313,0,2
530000,2,840,4,2.25,682.752,2553.0048,1,0,0,3,1984,0,98074,47.6323,-122.029,0,2
529950,1,484,4,2.75,566.928,2286,1,0,0,5,1967,0,98056,47.5398,-122.173,0,4
171800,11,124,4,2,478.536,2926.08,1,0,0,3,1950,0,98168,47.4965,-122.303,0,2
210000,6,566,2,1.75,438.912,1731.264,1,0,0,4,1978,0,98198,47.3825,-122.319,0,3
535000,4,484,4,2,600.456,1071.372,1,0,0,5,1969,0,98115,47.6873,-122.314,0,4
802000,6,840,2,2.5,673.608,1928.4696,1,0,0,3,2003,0,98053,47.7114,-122.03,0,2
1160000,6,484,3,2.75,725.424,1698.3456,2,0,4,3,1939,0,98105,47.6626,-122.271,3,2
436000,11,250,2,1,377.952,2468.88,1.5,0,2,3,1925,0,98125,47.7326,-122.288,1,2
280000,6,156,3,2.5,566.928,2013.8136,2,0,0,3,1989,0,98023,47.2891,-122.351,0,2
291000,1,484,4,2.25,576.072,2321.3568,1,0,0,4,1979,0,98003,47.3275,-122.329,0,3
440000,11,643,4,2.5,938.784,3244.9008,2,0,0,3,1993,0,98042,47.3828,-122.148,0,2
790000,8,484,5,3.25,923.544,6231.9408,2,0,2,3,1976,0,98008,47.6133,-122.106,1,2
344900,3,356,4,1.75,554.736,2346.96,1,0,0,4,1955,0,98177,47.7545,-122.357,0,3
450000,5,356,4,2.5,682.752,1406.9568,2,0,0,3,2001,0,98056,47.5118,-122.194,0,2
675000,6,784,4,3.5,972.312,2095.5,2,0,2,3,1999,0,98034,47.7082,-122.221,1,2
540000,9,840,4,2.5,664.464,3090.672,1,0,0,4,1968,0,98052,47.6822,-122.111,0,3
215000,8,356,3,1,298.704,1706.88,1,0,0,2,1949,0,98106,47.5308,-122.361,0,1
490000,1,380,2,2.5,374.904,423.9768,2,0,0,3,2004,0,98112,47.6192,-122.301,0,2
423800,10,840,3,2.5,591.312,2260.092,2,0,0,3,1965,0,98006,47.542,-122.176,0,2
195000,2,124,3,2,374.904,2510.028,1.5,0,0,3,1959,0,98168,47.4853,-122.304,0,2
465000,2,484,4,1.75,551.688,6598.92,2,0,0,4,1961,0,98077,47.7358,-122.076,0,3
530000,1,840,4,1.75,552.9072,1524,1,0,0,4,1951,0,98115,47.684,-122.281,0,3
445500,1,250,4,1.5,673.608,3199.4856,1,0,0,4,1953,0,98166,47.4321,-122.347,0,3
690000,6,40,3,2,490.728,1554.48,1.5,0,0,5,1940,0,98115,47.6825,-122.307,0,4
461000,7,630,3,1.5,387.096,431.5968,3,0,0,3,2007,0,98115,47.6988,-122.317,0,2
400000,11,170,3,1.75,643.128,5974.08,1,0,0,4,1959,0,98055,47.4742,-122.198,0,3
490000,1,840,3,1.75,487.68,5032.248,1,0,0,3,1984,0,98052,47.6601,-122.135,0,2
440000,11,840,4,2.25,658.368,2474.6712,1,0,0,3,1966,0,98006,47.5443,-122.177,0,2
822500,11,643,2,1,441.96,2163.4704,1,0,4,3,1924,0,98109,47.63,-122.349,3,2
750000,11,484,4,2.75,804.672,1143,2,0,0,5,1911,0,98117,47.6783,-122.363,0,4
550000,2,170,3,2.5,740.664,1645.92,2,0,0,3,2007,0,98074,47.6062,-122.057,0,2
355000,6,484,4,2.25,551.688,1514.856,2,0,0,3,2003,0,98059,47.5003,-122.156,0,2
910000,6,356,3,3.5,920.496,1244.1936,2,0,0,3,1954,2004,98199,47.651,-122.409,0,2
188500,11,840,2,1.75,377.952,759.8664,1,0,0,4,1985,0,98198,47.3813,-122.322,0,3
895000,2,484,4,2.5,1060.704,11882.628,2,0,0,3,1989,0,98053,47.6895,-122.052,0,2
325000,10,528,3,1.75,545.592,8359.7496,1,0,0,3,1978,0,98065,47.532,-121.761,0,2
715000,11,124,3,1,490.728,2340.864,1,0,0,3,1956,0,98122,47.6038,-122.303,0,2
392440,2,250,4,2.5,776.3256,1463.04,2,0,0,3,2014,0,98092,47.2592,-122.194,0,2
150000,5,840,3,1,307.848,7620,1,0,0,3,1966,0,98014,47.6927,-121.901,0,2
216650,3,484,3,3.5,451.104,328.2696,2,0,0,3,2007,0,98109,47.5421,-122.322,0,2
759000,5,710,3,2.25,899.16,24031.3464,1.5,0,0,3,2006,0,98075,47.5917,-122.068,0,2
470000,7,124,4,2.5,816.864,2457.2976,1,0,3,4,1967,0,98198,47.4132,-122.328,4,3
274000,11,484,3,1.75,484.632,2322.576,1,0,0,4,1984,0,98038,47.3655,-122.048,0,3
209900,1,840,3,1,313.944,18507.456,1.5,0,0,3,1912,0,98042,47.375,-122.166,0,2
399500,6,840,4,2.5,780.288,2283.5616,2,0,0,3,2014,0,98188,47.4467,-122.287,0,2
390000,1,124,3,1.5,487.68,3182.112,1,0,0,3,1954,0,98125,47.7109,-122.311,0,2
990000,7,484,4,2.5,774.192,1807.464,2,0,0,3,2003,0,98199,47.6451,-122.387,0,2
850000,7,840,3,3,582.168,1463.04,1.5,0,0,3,1900,1991,98103,47.6572,-122.346,0,2
397500,10,484,3,1,451.104,1554.48,1.5,0,0,3,1938,1959,98103,47.6915,-122.348,0,2
262500,9,840,2,1.5,347.472,4380.8904,1,0,0,3,1949,1996,98011,47.7354,-122.219,0,2
790000,8,840,4,2.5,807.72,1524,2,0,0,3,2007,0,98116,47.5605,-122.396,0,2
212625,2,840,2,1,292.608,1524,1,0,0,3,1951,0,98126,47.5188,-122.372,0,2
329900,7,124,3,2,420.624,1584.3504,1,0,0,4,1982,0,98106,47.5514,-122.357,0,3
690000,9,124,3,1.5,521.208,5397.0936,1,0,0,4,1947,0,98040,47.5393,-122.216,0,3
478000,1,484,4,2.5,847.344,2221.992,2,0,0,3,1989,0,98059,47.509,-122.157,0,2
715000,5,484,3,2.5,734.568,14206.4232,2,0,0,3,1989,0,98053,47.6789,-122.048,0,2
572000,8,356,4,2.75,822.96,2435.9616,2,0,0,3,2012,0,98059,47.4831,-122.135,0,2
247500,6,156,3,1.75,597.408,4779.5688,1,0,0,3,1967,0,98032,47.3576,-122.277,0,2
285750,10,840,3,2.25,597.408,5220.0048,1,0,0,3,1966,0,98055,47.4436,-122.21,0,2
440000,11,484,4,1.75,853.44,14980.6152,1,0,0,4,1978,0,98027,47.4649,-122.034,0,3
452000,8,840,2,1.75,530.352,1645.92,1,0,0,4,1946,0,98115,47.6971,-122.282,0,3
339999,1,840,4,2,530.352,1941.2712,1,0,0,5,1954,0,98133,47.7461,-122.332,0,4
845000,7,356,5,2,524.256,3039.4656,1,0,0,4,1951,0,98004,47.6368,-122.218,0,3
555000,1,840,4,2.5,658.368,3348.8376,1,0,0,4,1981,2003,98074,47.6333,-122.034,0,3
418900,11,840,3,1.5,448.056,3386.9376,1,0,0,3,1954,0,98155,47.7462,-122.294,0,2
550000,5,784,3,2.25,414.528,1557.8328,1.5,0,0,5,1934,0,98115,47.6988,-122.313,0,4
295000,1,124,2,2.5,496.824,416.9664,2,0,0,3,2009,0,98106,47.5489,-122.363,0,2
660000,3,840,4,1.5,597.408,1371.6,1.5,0,2,3,1922,0,98117,47.6797,-122.359,1,2
396500,1,484,3,1.5,414.528,453.5424,2,0,0,3,2003,0,98199,47.6526,-122.384,0,2
405000,11,484,3,1.5,487.68,2286,1,0,0,3,1966,0,98034,47.721,-122.182,0,2
654000,6,840,3,2.5,987.552,18544.032,2,0,0,3,1997,0,98045,47.5192,-121.764,0,2
300000,6,124,3,1,384.048,2523.744,1,0,0,3,1946,0,98115,47.7,-122.299,0,2
355900,4,484,3,2.5,637.032,1164.6408,2,0,0,3,2008,0,98038,47.3655,-122.017,0,2
452000,11,156,3,2.5,515.112,1219.2,2,0,0,3,2004,0,98053,47.6788,-122.034,0,2
830000,2,784,4,3.25,1014.984,2380.1832,2,0,0,3,2004,0,98075,47.5977,-121.976,0,2
123000,11,840,2,1,320.04,2011.68,1.5,0,0,3,1964,0,98168,47.4828,-122.324,0,2
385000,7,250,4,2,554.736,2164.6896,1,0,0,3,1950,0,98155,47.7447,-122.324,0,2
234000,11,356,2,1,265.176,3383.28,1,0,0,3,1940,0,98146,47.5038,-122.364,0,2
315450,4,356,3,1.75,344.424,2286,1.5,0,0,4,1908,0,98108,47.5254,-122.318,0,3
514950,5,124,3,2.25,399.288,385.2672,3,0,0,3,2014,0,98117,47.6987,-122.366,0,2
455000,1,840,2,2,411.48,368.5032,3,0,0,3,2013,0,98199,47.649,-122.383,0,2
535000,1,484,3,2.5,673.608,2322.576,2,0,0,3,1994,0,98052,47.6938,-122.13,0,2
548050,7,124,2,2,588.264,1669.9992,1,0,0,3,2005,0,98053,47.7054,-122.011,0,2
439000,5,170,2,1.75,493.776,34705.1376,1.5,0,0,3,1995,0,98045,47.4821,-121.719,0,2
527000,1,840,4,2.5,862.584,1878.4824,2,0,0,3,2000,0,98056,47.5227,-122.19,0,2
349000,11,124,4,1.75,518.16,2377.44,1,0,0,5,1981,0,98059,47.4801,-122.158,0,4
475000,1,156,2,1,271.272,1399.032,1,0,0,3,1923,0,98117,47.6901,-122.362,0,2
324800,9,840,2,1,356.616,1537.1064,1,0,0,3,1949,0,98108,47.5492,-122.302,0,2
525000,3,156,3,2.5,905.256,3653.028,1,0,0,3,1995,0,98074,47.6359,-122.052,0,2
830000,3,840,5,3,890.016,855.8784,2,0,0,3,1960,1992,98103,47.654,-122.342,0,2
555000,6,484,3,2,664.464,1516.6848,1.5,0,2,4,1930,0,98126,47.573,-122.38,1,3
445000,6,840,3,2.5,384.048,335.8896,3,0,0,3,2007,0,98107,47.675,-122.387,0,2
213500,9,484,2,1.5,627.888,2350.9224,1.5,0,0,4,1930,0,98030,47.3722,-122.185,0,3
465000,11,250,3,2,475.488,2593.5432,1,0,0,3,1969,0,98034,47.7261,-122.22,0,2
380000,1,484,2,1,368.808,1463.04,1,0,0,3,1950,0,98108,47.5625,-122.316,0,2
514000,2,643,3,1.75,493.776,1524,1,0,0,3,1954,0,98117,47.681,-122.372,0,2
385000,1,826,3,1,448.056,3474.1104,1,0,0,3,1950,0,98155,47.746,-122.296,0,2
685000,6,840,4,2.5,704.088,1554.48,2,0,0,3,2013,0,98177,47.7039,-122.36,0,2
225000,1,356,3,1,381,2383.536,1,0,0,3,1967,0,98001,47.3397,-122.291,0,2
390000,11,643,3,1.5,359.664,2346.96,1,0,0,4,1959,0,98007,47.6133,-122.133,0,3
327000,11,124,4,1,493.776,1828.8,1.5,0,0,5,1905,0,98055,47.4763,-122.206,0,4
414000,5,40,4,2.5,1063.752,2752.344,1.5,0,0,4,1969,0,98023,47.3198,-122.386,0,3
300000,1,840,3,2.5,633.984,2995.2696,2,0,0,3,1989,0,98023,47.3058,-122.394,0,2
314950,11,484,3,2.5,515.112,1381.6584,2,0,0,3,2003,0,98038,47.3575,-122.016,0,2
170000,1,156,3,0.75,316.992,12856.464,1,0,0,2,1947,0,98055,47.4518,-122.199,0,1
635000,4,840,5,2.75,947.928,2018.0808,2,0,0,3,2006,0,98065,47.543,-121.888,0,2
345000,11,840,2,2.25,338.328,393.192,3,0,0,3,2006,0,98103,47.6968,-122.34,0,2
1185000,9,840,3,2.5,765.048,1402.08,2,0,2,3,2006,0,98034,47.7051,-122.223,1,2
215000,9,484,3,1,307.848,3086.1,1,0,0,4,1972,0,98042,47.3423,-122.088,0,3
153503,11,826,2,2.5,377.952,1112.2152,2,0,0,3,1986,0,98003,47.3241,-122.322,0,2
330000,11,124,3,1,652.272,1535.2776,1,0,0,3,1957,0,98118,47.5494,-122.274,0,2
359500,1,76,4,2.25,728.472,3429,2,0,0,3,1988,0,98023,47.3305,-122.371,0,2
355000,4,840,4,2,539.496,2709.672,1,0,0,5,1949,0,98166,47.4589,-122.353,0,4
799000,8,643,4,2.75,1018.032,1730.3496,2,0,0,3,2011,0,98052,47.709,-122.118,0,2
575000,11,840,4,2.25,630.936,374.904,3,0,0,3,2013,0,98116,47.5775,-122.41,0,2
478000,2,484,3,2.5,926.592,1382.268,2,0,0,3,2007,0,98056,47.51,-122.185,0,2
1042500,10,356,3,1.75,579.12,2857.5,1,0,1,4,1941,0,98115,47.6821,-122.273,2,3
375000,11,484,2,1,216.408,1407.5664,1,0,1,3,1925,0,98199,47.64,-122.394,2,2
201000,1,356,3,1,292.608,4655.2104,1,0,0,4,1963,0,98022,47.238,-122.039,0,3
337000,3,170,4,3,682.752,2592.0192,2,0,0,3,1992,0,98155,47.7348,-122.295,0,2
299000,6,784,2,1,316.992,1402.08,1,0,0,4,1950,0,98118,47.5387,-122.277,0,3
386180,2,756,2,1.5,292.608,557.4792,2,0,0,3,2005,0,98122,47.6032,-122.308,0,2
665000,7,356,4,2.5,954.024,2310.9936,2,0,0,3,2004,0,98075,47.577,-122.055,0,2
316500,5,840,3,1.75,487.68,4343.4,1,0,0,3,1979,0,98023,47.3272,-122.355,0,2
355000,11,643,4,3,789.432,2198.5224,2,0,0,3,2001,0,98001,47.2609,-122.289,0,2
390000,7,840,2,1,387.096,2488.3872,1,0,0,4,1941,0,98125,47.7116,-122.311,0,3
485000,2,484,3,2.75,807.72,3764.28,1,0,0,4,1975,0,98028,47.7669,-122.268,0,3
365000,11,784,3,2.25,338.328,298.3992,2,0,0,3,2008,0,98144,47.5999,-122.3,0,2
240000,11,124,4,1.75,615.696,3149.1936,1,0,0,3,1954,0,98168,47.5059,-122.303,0,2
194000,5,840,3,1.75,384.048,3196.7424,1,0,0,2,1952,0,98106,47.5417,-122.357,0,1
585000,8,840,4,2.5,658.368,2486.5584,1,0,0,4,1952,0,98115,47.6948,-122.328,0,3
979700,11,840,5,3,1136.904,1676.4,1.5,0,0,3,1927,0,98102,47.6507,-122.32,0,2
499950,11,756,3,2.5,786.384,7292.34,2,0,0,3,2001,0,98023,47.2978,-122.376,0,2
515000,6,484,4,2.5,582.168,2727.0456,1,0,0,4,1970,0,98011,47.7374,-122.183,0,3
400000,4,840,4,2,432.816,2834.9448,1,0,0,4,1963,0,98008,47.6325,-122.121,0,3
374950,1,566,4,2.75,832.104,1427.3784,2,0,0,3,2005,0,98038,47.3608,-122.043,0,2
215000,3,840,4,2.5,518.16,2034.54,2,0,0,3,1997,0,98038,47.3638,-122.053,0,2
269950,10,156,4,3,728.472,2227.7832,2,0,0,4,1944,1981,98002,47.294,-122.218,0,3
332000,4,643,3,2.25,646.176,4546.092,1,0,0,3,1979,0,98001,47.3524,-122.285,0,2
275000,7,484,3,1.75,502.92,2346.96,1,0,0,4,1977,0,98023,47.3155,-122.365,0,3
439900,3,724,5,3.5,1033.272,2423.16,2,0,2,3,2003,0,98056,47.4792,-122.181,1,2
505000,6,840,3,2,457.2,762,2,0,0,3,2002,0,98107,47.6748,-122.385,0,2
250000,3,840,3,1.5,673.608,3386.6328,1.5,0,0,3,1934,0,98168,47.492,-122.309,0,2
425000,7,840,2,1,277.368,1412.748,1,0,0,4,1905,0,98107,47.675,-122.393,0,3
230000,10,76,3,0.75,316.992,4572,1,0,0,3,1941,0,98028,47.7639,-122.234,0,2
220000,11,840,5,1,384.048,2554.8336,1.5,0,0,3,1918,0,98146,47.5058,-122.355,0,2
420000,2,250,3,1.5,633.984,1524,1,0,0,3,1963,0,98118,47.5322,-122.29,0,2
399950,7,756,3,2.5,783.336,3179.3688,2,0,0,3,1989,0,98031,47.4188,-122.213,0,2
150000,6,840,3,0.75,149.352,11734.8,1.5,0,0,4,1959,0,98014,47.7112,-121.315,0,3
439000,6,356,2,1,320.04,1728.5208,1,0,0,3,1949,0,98115,47.6767,-122.286,0,2
234300,9,826,3,1,347.472,2980.6392,1,0,0,3,1963,0,98055,47.424,-122.201,0,2
530000,2,356,3,2.25,612.648,3601.8216,2,0,0,4,1986,0,98029,47.5665,-122.023,0,3
875000,11,840,5,2.5,890.016,1697.1264,2,0,0,3,1906,0,98112,47.6265,-122.312,0,2
398500,1,840,3,1,365.76,4864.608,1.5,0,0,3,1945,0,98125,47.7163,-122.299,0,2
680000,7,156,4,2.5,822.96,11408.9688,1,0,0,4,1978,0,98072,47.7258,-122.117,0,3
907500,3,124,4,2.5,844.296,2634.0816,2,0,0,4,1987,0,98007,47.6599,-122.146,0,3
464000,1,156,2,2.75,222.504,1524,1,0,0,3,1929,0,98126,47.5381,-122.374,0,2
665000,11,840,6,3,755.904,2962.656,2,0,0,3,1972,0,98007,47.6127,-122.145,0,2
440000,1,643,2,1.5,307.848,599.8464,1.5,0,0,5,1906,0,98107,47.6757,-122.385,0,4
411000,10,356,2,2.5,484.632,636.4224,2,0,0,3,1997,0,98033,47.6897,-122.175,0,2
570000,11,124,3,2.25,612.648,1828.8,1,0,0,3,1975,0,98052,47.6912,-122.115,0,2
2500000,10,156,4,3.25,1207.008,4945.0752,2,0,2,3,1938,0,98105,47.6701,-122.259,1,2
389000,11,840,2,1,259.08,998.5248,1,0,0,3,1910,0,98103,47.6742,-122.35,0,2
980000,5,124,5,4,1054.608,1645.92,2,0,0,3,2012,0,98056,47.5201,-122.204,0,2
431000,2,484,3,1.75,496.824,2743.2,1,0,0,4,1956,0,98166,47.4521,-122.36,0,3
375000,11,484,3,1,597.408,2424.684,1,0,0,4,1963,0,98177,47.7641,-122.364,0,3
580000,9,840,3,1.5,548.64,1905,1,0,0,3,1947,0,98116,47.5778,-122.389,0,2
243000,1,484,2,1,539.496,1683.1056,1.5,0,0,4,1943,0,98178,47.4974,-122.231,0,3
530000,2,840,4,2.5,819.912,14206.4232,2,0,0,3,1980,1991,98038,47.3843,-122.006,0,2
790500,11,840,4,2.75,1021.08,1650.7968,2,0,0,3,2014,0,98053,47.6849,-122.016,0,2
405000,2,76,3,2.5,597.408,2132.6856,2,0,0,3,2006,0,98065,47.5415,-121.887,0,2
535000,11,356,3,1.75,420.624,1085.3928,1,0,0,4,1925,0,98117,47.6822,-122.399,0,3
1000000,11,356,5,4.5,646.176,2726.1312,2,1,4,5,1939,1963,98006,47.5488,-122.197,3,4
294950,4,76,4,2,795.528,4365.0408,1.5,0,0,4,1940,0,98188,47.4672,-122.296,0,3
420000,1,784,2,1,304.8,1638.3,1,0,0,3,1953,0,98118,47.5404,-122.268,0,2
640000,6,643,3,2.5,786.384,2286,2,0,0,3,1991,0,98116,47.5577,-122.396,0,2
738000,5,840,4,2.5,862.584,1527.048,2,0,0,3,2000,0,98115,47.6952,-122.327,0,2
469950,2,356,5,2,371.856,1280.16,1,0,0,4,1921,0,98105,47.6677,-122.321,0,3
273000,1,818,3,2.25,658.368,2427.4272,2,0,0,3,1991,0,98042,47.3622,-122.074,0,2
579000,11,156,4,2.75,981.456,2994.66,2,0,0,3,2012,0,98059,47.4863,-122.143,0,2
370000,1,156,3,1.5,475.488,2064.7152,1,0,0,4,1927,0,98133,47.7024,-122.35,0,3
206325,9,484,5,2.5,524.256,3109.5696,1.5,0,0,3,1970,0,98058,47.4572,-122.167,0,2
599999,11,356,9,4.5,1167.384,2129.9424,2.5,0,0,3,1938,0,98103,47.6927,-122.338,0,2
996000,4,840,3,3.25,1103.376,2478.3288,2,0,0,4,1988,0,98040,47.5776,-122.214,0,3
396000,7,356,1,1,192.024,1569.72,1,0,0,4,1954,0,98117,47.6923,-122.369,0,3
265000,1,124,2,1,277.368,1402.08,1,0,0,3,1917,0,98117,47.6916,-122.362,0,2
475000,9,840,3,2.25,554.736,2440.8384,1,0,0,3,1981,0,98052,47.7206,-122.11,0,2
1175000,2,124,4,3.5,1264.92,15088.5144,2,0,0,3,2003,0,98053,47.6746,-122.018,0,2
184900,9,818,2,1,374.904,1524,1,0,0,5,1911,0,98022,47.2064,-121.988,0,4
376000,1,356,6,2.5,737.616,3554.5776,1,0,2,4,1965,0,98188,47.4459,-122.278,1,3
460000,3,784,3,1.75,432.816,2514.6,1,0,0,4,1960,0,98007,47.6112,-122.133,0,3
475000,7,840,4,3.5,1115.568,4389.4248,2,0,0,3,1994,0,98023,47.3076,-122.396,0,2
525000,1,356,3,2.25,454.152,2869.3872,2,0,0,3,1981,0,98052,47.6844,-122.113,0,2
352000,5,840,4,2.5,807.72,1940.3568,2,0,0,3,1998,0,98092,47.3325,-122.171,0,2
932808,1,156,5,4.5,1429.512,2043.684,2,0,0,3,1995,0,98006,47.5539,-122.108,0,2
345000,11,840,4,2.5,737.616,3499.4088,1,0,0,3,1985,0,98003,47.341,-122.318,0,2
659500,7,356,4,3,798.576,5596.7376,1,0,0,4,1956,0,98006,47.5646,-122.184,0,3
900000,1,840,4,2,362.712,2496.312,1.5,0,0,3,1945,0,98117,47.6908,-122.397,0,2
679950,2,840,5,2.75,1097.28,2876.3976,2,0,0,3,2014,0,98059,47.4822,-122.131,0,2
375000,11,124,4,1.75,591.312,4849.0632,1,0,0,3,1974,0,98072,47.7578,-122.094,0,2
445000,10,380,3,2,469.392,20712.0744,1,0,0,3,1997,0,98059,47.5018,-122.126,0,2
781000,11,840,3,2.5,630.936,1360.3224,1.5,0,0,5,1931,0,98115,47.6853,-122.305,0,4
1750000,1,484,4,2.75,1085.088,2735.58,2,0,0,3,2014,0,98004,47.6322,-122.209,0,2
374900,11,484,3,2.5,755.904,1508.76,2,0,0,3,2004,0,98058,47.4389,-122.116,0,2
275000,11,643,3,2,582.168,2453.64,1,0,0,4,1980,0,98030,47.37,-122.17,0,3
431000,6,643,3,1.75,505.968,3921.252,1,0,0,5,1967,0,98056,47.5375,-122.175,0,4
350000,9,840,4,2.25,478.536,152269.2408,1,0,3,4,1972,0,98022,47.1808,-122.023,4,3
700000,2,528,3,2.75,667.512,3371.088,1,0,0,4,1973,0,98033,47.6893,-122.208,0,3
300000,5,124,4,1.75,633.984,2667,1,0,0,4,1967,0,98032,47.3749,-122.291,0,3
1450000,7,76,3,4.5,1210.056,7595.616,2,0,2,3,1977,1999,98034,47.7183,-122.258,1,2
360000,11,643,4,2.5,560.832,2929.4328,2,0,0,3,1996,0,98178,47.4964,-122.251,0,2
189000,10,156,3,1,420.624,2219.5536,1.5,0,0,5,1915,0,98002,47.3006,-122.223,0,4
600000,6,643,4,2.5,768.096,3307.08,1,0,0,4,1968,0,98155,47.7751,-122.284,0,3
365000,9,356,2,1.75,387.096,2286,1,0,0,4,1982,0,98074,47.6186,-122.063,0,3
320000,1,643,4,1.75,554.736,2249.7288,1,0,0,5,1962,0,98058,47.4567,-122.171,0,4
670000,4,156,5,3.5,1176.528,2926.08,1,0,3,4,1973,0,98034,47.7139,-122.223,4,3
356000,6,124,3,2.5,484.632,1039.6728,2,0,0,3,2000,0,98065,47.5303,-121.878,0,2
395000,11,156,2,1,265.176,951.2808,1,0,0,4,1923,0,98107,47.6659,-122.369,0,3
1025000,7,840,3,2.75,847.344,1219.2,2,0,2,5,1904,0,98103,47.6565,-122.355,1,4
235000,7,124,3,1,320.04,2337.816,1.5,0,0,5,1955,0,98022,47.2046,-121.996,0,4
730000,4,840,4,3.5,1027.176,1718.4624,2,0,0,3,2001,0,98034,47.7196,-122.223,0,2
490000,11,784,3,2.5,633.984,3667.3536,2,0,0,3,1978,0,98077,47.7455,-122.073,0,2
699900,11,840,4,2.25,725.424,4948.7328,1,0,0,3,1961,0,98008,47.6126,-122.12,0,2
193000,7,356,3,1.5,359.664,2757.8304,1,0,0,3,1960,0,98148,47.4327,-122.328,0,2
730000,2,170,3,2.5,658.368,2684.9832,1,0,0,3,2014,0,98103,47.6994,-122.349,0,2
500000,1,840,4,2.25,716.28,2197.608,1.5,0,0,4,1972,0,98011,47.7407,-122.183,0,3
299000,1,124,4,2.5,594.36,914.4,2,0,0,3,2002,0,98178,47.4977,-122.226,0,2
181000,3,124,2,1.5,219.456,1560.576,1,0,0,3,1954,0,98106,47.5218,-122.357,0,2
575000,11,840,5,2.5,841.248,1219.2,1.5,0,0,3,1926,2014,98122,47.6074,-122.299,0,2
650000,1,620,5,2.25,731.52,4099.56,1,0,0,5,1957,0,98008,47.6007,-122.117,0,4
195000,11,484,2,1,390.144,2396.0328,1,0,0,4,1913,0,98002,47.3007,-122.228,0,3
699950,11,124,2,2.5,728.472,2282.6472,1,0,0,3,2007,0,98053,47.7243,-122.032,0,2
340895,11,840,2,1,280.416,2624.9376,1,0,0,5,1947,0,98155,47.734,-122.301,0,4
1875000,2,250,4,5,1770.888,2267.712,2,0,0,3,2004,0,98033,47.6878,-122.212,0,2
230000,8,356,3,2.25,557.784,3453.6888,1,0,0,3,1965,0,98001,47.2899,-122.287,0,2
320000,1,484,4,2.25,472.44,2310.0792,2,0,0,3,1993,0,98038,47.354,-122.047,0,2
565000,7,76,3,2.75,728.472,3037.6368,1,0,0,5,1977,0,98006,47.5433,-122.185,0,4
178500,8,784,2,1,225.552,1969.008,1,0,0,3,1953,0,98146,47.5077,-122.344,0,2
283000,8,156,3,1,271.272,2560.32,1,0,0,4,1954,0,98056,47.5168,-122.204,0,3
339000,3,840,3,1.5,530.352,6699.504,1,0,0,4,1973,0,98042,47.3644,-122.132,0,3
943500,2,484,3,2.25,722.376,3319.272,2,0,0,4,1980,0,98004,47.5827,-122.197,0,3
570000,2,840,3,2,588.264,3331.1592,1,0,0,3,1964,0,98155,47.7657,-122.272,0,2
325000,9,840,3,2.5,609.6,2196.084,2,0,0,3,1998,0,98003,47.3499,-122.302,0,2
1050000,2,356,3,3,1063.752,1371.6,2.5,0,0,3,1924,0,98102,47.6394,-122.321,0,2
315000,11,484,4,2.5,594.36,982.98,2,0,0,3,2002,0,98178,47.5014,-122.226,0,2
720000,6,840,4,2.25,771.144,1584.96,1,0,1,4,1957,0,98117,47.6985,-122.382,2,3
280300,11,840,2,1,280.416,1524,1,0,0,4,1949,0,98103,47.7008,-122.338,0,3
500000,1,643,3,2.25,521.208,1390.1928,2,0,0,4,1994,0,98029,47.5691,-122.004,0,3
390000,11,484,3,1,362.712,25976.8848,1.5,0,0,5,1935,0,98070,47.365,-122.462,0,4
952990,7,124,4,2.75,1082.04,1998.8784,2,0,0,3,2013,0,98052,47.7076,-122.115,0,2
650000,1,356,4,3,1133.856,17525.6952,1,0,0,3,2003,0,98014,47.6469,-121.897,0,2
280000,11,630,2,1,292.608,1499.616,1,0,0,3,1942,0,98117,47.6946,-122.362,0,2
765000,7,124,4,1,768.096,1676.4,1.5,0,0,5,1912,0,98144,47.5785,-122.292,0,4
159100,6,250,2,1,240.792,2162.556,1,0,0,3,1944,0,98178,47.4928,-122.239,0,2
1280000,9,840,9,4.5,1112.52,1524,2,0,0,3,1915,2010,98105,47.6604,-122.289,0,2
210000,1,840,3,2.5,316.992,805.5864,2,0,0,3,2004,0,98118,47.5165,-122.268,0,2
753000,7,356,3,2.5,935.736,68111.5224,2,0,0,3,2003,0,98053,47.664,-121.993,0,2
287000,9,484,4,1.5,396.24,3063.24,1.5,0,0,3,1963,0,98059,47.4899,-122.116,0,2
476000,1,124,2,2.25,347.472,405.9936,3,0,0,3,1999,0,98103,47.6543,-122.356,0,2
430000,11,484,4,3.75,747.3696,1463.04,2,0,0,3,1936,1994,98055,47.4744,-122.213,0,2
760000,9,630,4,2.5,890.016,2408.2248,2,0,0,3,2004,0,98052,47.7036,-122.125,0,2
281000,3,156,3,1,408.432,6503.2128,1.5,0,0,4,1945,0,98032,47.4023,-122.273,0,3
305000,1,156,4,1.75,670.56,2468.88,1.5,0,0,5,1942,0,98168,47.4945,-122.303,0,4
575575,1,356,3,1.75,462.0768,883.0056,1,0,0,3,1925,0,98103,47.6842,-122.341,0,2
439000,8,124,5,2,795.528,1526.7432,1,0,0,3,1988,0,98117,47.6969,-122.366,0,2
605000,5,643,3,2.25,597.408,3090.3672,2,0,0,3,1984,0,98074,47.6481,-122.061,0,2
339100,8,356,4,2.5,716.28,3247.644,2,0,0,3,1992,0,98092,47.3284,-122.171,0,2
330000,3,840,3,2.25,408.432,1243.584,1.5,0,0,3,1907,0,98144,47.5722,-122.291,0,2
889950,2,356,5,3.5,1127.76,2150.364,2,0,0,3,2014,0,98074,47.5929,-122.057,0,2
629000,5,156,3,2,536.448,1524,1,0,0,5,1920,0,98199,47.6408,-122.403,0,4
386500,8,840,2,1.5,390.144,3374.4408,1,0,0,3,1984,0,98074,47.6351,-122.033,0,2
500000,1,756,3,2.5,591.312,11449.812,1,0,0,4,1987,0,98027,47.4801,-122.063,0,3
442500,1,528,4,2.25,600.456,2408.5296,1,0,0,3,1960,0,98125,47.7249,-122.298,0,2
498000,9,156,3,1.5,524.256,2002.536,1.5,0,0,4,1909,0,98118,47.5284,-122.265,0,3
330000,11,156,3,1.5,438.912,2400.3,1,0,0,4,1968,0,98058,47.4561,-122.148,0,3
1100000,11,840,4,3.75,880.872,1269.1872,2,0,0,3,2013,0,98033,47.676,-122.197,0,2
650000,10,124,4,2.75,615.696,4818.888,1,0,0,4,1967,0,98005,47.5921,-122.155,0,3
345000,1,124,3,1.75,469.392,2105.8632,1,0,0,4,1955,0,98155,47.7451,-122.313,0,3
549000,1,484,4,2.5,886.968,1931.8224,2,0,0,3,2008,0,98059,47.4804,-122.126,0,2
355000,10,826,3,1.75,722.376,2971.8,1,0,0,4,1979,0,98045,47.4459,-121.773,0,3
559950,11,840,3,2.5,646.176,1313.688,2,0,0,3,2001,0,98053,47.687,-122.037,0,2
710000,9,484,4,2.5,829.056,2438.4,1,0,0,4,1955,0,98136,47.5237,-122.391,0,3
485000,9,484,4,1,350.52,780.288,1.5,0,0,3,1909,0,98109,47.6368,-122.355,0,2
650000,1,156,3,1,463.296,3117.1896,1,0,0,4,1951,0,98004,47.5872,-122.196,0,3
975000,11,484,4,2.5,829.056,3367.7352,2,0,0,3,1989,0,98004,47.5815,-122.192,0,2
389000,5,124,4,2.25,649.224,1626.7176,2,0,0,3,2001,0,98019,47.7237,-121.959,0,2
167000,6,156,3,2,463.296,2272.5888,1,0,0,3,1949,0,98166,47.4745,-122.343,0,2
358800,9,124,4,2.5,656.844,2481.072,2,0,0,3,1996,0,98031,47.4204,-122.201,0,2
762450,1,156,4,1.75,783.336,2633.472,1,0,0,4,1958,0,98005,47.5956,-122.172,0,3
336500,9,124,3,2,557.784,3929.1768,1,0,0,3,1994,0,98031,47.3924,-122.192,0,2
330000,11,643,3,2.5,606.552,3046.476,2,0,0,3,1996,0,98198,47.383,-122.305,0,2
1315000,11,724,4,3,871.728,3137.0016,1,0,0,4,1953,1999,98004,47.6286,-122.206,0,3
739000,9,124,3,2.5,856.488,1645.92,2,0,0,3,2005,0,98052,47.7065,-122.118,0,2
885000,11,724,4,2.75,832.104,1085.088,1.5,0,0,3,1921,2007,98115,47.6737,-122.304,0,2
640000,6,756,3,3,475.488,446.8368,3,0,0,3,2006,0,98103,47.6604,-122.352,0,2
582000,9,826,3,2.5,725.424,6053.328,2,0,0,4,1995,0,98056,47.5255,-122.173,0,3
485000,11,76,3,2.5,481.584,1848.612,2,0,0,3,1985,0,98029,47.5692,-122.021,0,2
428400,1,840,4,2.5,807.72,1828.8,2,0,0,3,2000,0,98038,47.3768,-122.028,0,2
249000,11,356,4,2,390.144,2304.288,1,0,0,5,1959,0,98058,47.45,-122.175,0,4
950000,5,156,5,3.25,822.96,1112.52,2,0,2,3,1926,2014,98144,47.5959,-122.291,1,2
633100,4,840,4,2.5,752.856,10151.364,2,0,0,3,1993,0,98053,47.6303,-121.99,0,2
325000,3,484,3,2,509.016,5203.2408,1,0,0,3,1988,0,98014,47.69,-121.913,0,2
792000,6,484,3,2.5,1011.936,3913.632,1,0,0,3,1990,0,98075,47.5783,-121.994,0,2
580000,4,156,3,1.75,640.08,2095.1952,1,0,0,3,1943,0,98115,47.6724,-122.279,0,2
493000,11,784,4,2.5,630.936,1301.496,2,0,0,3,2010,0,98028,47.773,-122.265,0,2
254600,1,76,3,2,448.056,6096,1,0,0,4,1968,0,98002,47.2973,-122.08,0,3
195000,5,643,3,1,384.048,2553.6144,1,0,0,4,1959,1977,98023,47.3274,-122.348,0,3
296000,3,630,2,1,228.6,1426.464,1,0,0,3,1948,0,98117,47.6919,-122.371,0,2
325000,1,840,3,2.5,557.784,2311.908,2,0,0,4,1995,0,98042,47.3893,-122.154,0,3
475000,1,156,4,2.5,563.88,1659.3312,2,0,0,5,1981,0,98034,47.7227,-122.16,0,4
675000,1,40,4,3.5,941.832,30734.508,2,0,0,3,1999,0,98092,47.3087,-122.088,0,2
434000,3,784,4,3,612.648,2490.5208,2,0,0,3,1973,0,98011,47.7688,-122.218,0,2
2288000,7,484,4,2.5,1243.584,5596.7376,2,0,2,4,1983,0,98004,47.6344,-122.214,1,3
350000,1,250,2,1,326.136,877.824,1,0,0,3,1902,0,98102,47.6261,-122.324,0,2
491150,5,356,3,2.5,448.056,1210.3608,2,0,0,3,2003,0,98053,47.6816,-122.035,0,2
255000,8,840,4,2.5,659.2824,1792.8336,2,0,0,3,2006,0,98001,47.2736,-122.251,0,2
432000,11,356,3,2,426.72,1944.624,1,0,0,4,1924,0,98125,47.7015,-122.316,0,3
259950,3,356,2,1,240.792,2468.88,1,0,0,3,1947,0,98125,47.7159,-122.305,0,2
710000,11,124,3,2.75,673.608,2334.768,1,0,1,4,1968,0,98116,47.5619,-122.4,2,3
550000,11,380,4,2.5,752.856,1814.7792,2,0,0,3,2013,0,98028,47.7685,-122.236,0,2
395000,5,124,1,1,222.504,914.4,1,0,0,3,1911,0,98107,47.6741,-122.396,0,2
480000,11,250,3,1,353.568,2682.24,1,0,0,4,1959,0,98008,47.6112,-122.128,0,3
761000,7,484,3,3.5,624.84,615.696,2,0,0,3,2006,0,98112,47.6235,-122.306,0,2
937000,1,124,3,1.75,746.76,820.2168,2,0,0,3,1915,0,98119,47.6386,-122.36,0,2
543115,8,484,2,1,420.624,1671.5232,1,0,0,3,1947,0,98199,47.6382,-122.399,0,2
225000,1,76,2,1,396.24,3617.0616,1.5,0,0,4,1975,0,98010,47.3221,-121.903,0,3
607500,8,630,3,3.25,466.344,491.3376,3,0,0,3,2006,0,98107,47.6706,-122.378,0,2
549000,1,356,2,1,347.472,1645.92,1,0,0,5,1908,0,98112,47.6205,-122.294,0,4
300000,1,484,4,2,481.584,2926.08,1,0,0,5,1965,0,98198,47.4091,-122.313,0,4
679000,1,784,4,1.75,688.848,12568.7328,1,0,0,4,1962,0,98029,47.5528,-122.034,0,3
379000,9,840,4,2.5,688.848,1775.1552,2,0,0,3,2011,0,98038,47.3496,-122.042,0,2
250000,11,840,3,2.5,502.92,854.0496,2,0,0,3,2004,0,98055,47.4328,-122.196,0,2
303100,6,124,3,1.5,499.872,1722.12,1,0,0,3,1952,0,98178,47.509,-122.251,0,2
710000,2,484,4,2.5,874.776,2741.676,1,0,0,5,1968,0,98006,47.5678,-122.128,0,4
625000,7,484,4,2.75,697.992,6548.9328,1,0,2,5,1963,0,98006,47.5515,-122.189,1,4
425000,8,484,2,1,295.656,822.96,1,0,0,4,1926,0,98115,47.6852,-122.312,0,3
585000,2,710,4,2.5,865.632,3366.2112,2,0,0,3,2001,0,98034,47.7134,-122.237,0,2
265000,2,840,3,1,310.896,2624.328,1,0,0,5,1959,0,98056,47.4974,-122.169,0,4
510000,10,484,4,4,1075.944,3332.988,2,0,0,3,1992,0,98023,47.3016,-122.342,0,2
542525,6,156,4,2.5,807.72,1706.88,2,0,0,3,2014,0,98059,47.4786,-122.122,0,2
210000,1,840,3,1,316.992,2476.5,1,0,0,3,1956,0,98003,47.3171,-122.316,0,2
289950,9,484,3,2.5,569.976,437.6928,2,0,0,3,2004,0,98059,47.4899,-122.166,0,2
578000,7,156,3,1.75,646.176,3314.7,1,0,2,3,1977,0,98146,47.504,-122.382,1,2
550500,6,840,3,1.75,774.192,2523.744,1,0,0,3,1949,0,98177,47.7219,-122.358,0,2
600000,1,356,4,1.75,530.352,2346.96,1,0,0,5,1968,0,98008,47.6259,-122.111,0,4
785000,9,840,4,3.5,1008.888,1478.28,2,0,0,3,2010,0,98053,47.6954,-122.022,0,2
680000,11,484,4,2.5,862.584,2560.0152,2,0,0,3,1998,0,98075,47.5851,-122.034,0,2
176250,7,756,4,2,438.912,2042.7696,1,0,0,4,1966,0,98002,47.3056,-122.217,0,3
680000,3,840,4,2.75,762,1508.76,2,0,0,3,2010,0,98053,47.6964,-122.017,0,2
292000,2,840,3,2.5,475.488,835.152,2,0,0,3,1999,0,98059,47.4909,-122.154,0,2
249500,11,840,2,1,274.32,1371.6,1,0,0,3,1951,0,98055,47.4881,-122.204,0,2
473000,11,124,5,3.25,664.464,2194.56,2,0,0,4,1982,0,98034,47.7078,-122.234,0,3
280000,9,170,2,1,350.52,3920.0328,1,0,0,3,1959,0,98058,47.4493,-122.171,0,2
780000,1,124,3,1.75,740.664,1378.9152,1.5,0,0,4,1924,0,98103,47.674,-122.35,0,3
465000,11,76,3,1.5,387.096,1558.1376,1,0,0,3,1950,0,98115,47.676,-122.288,0,2
383000,2,840,4,2.5,563.88,2532.888,1,0,0,3,1962,0,98155,47.7717,-122.29,0,2
555950,3,156,2,1,371.856,1536.192,1,0,0,3,1961,0,98117,47.6957,-122.364,0,2
467000,4,840,3,2.5,606.552,1517.2944,2,0,0,3,2004,0,98065,47.5323,-121.856,0,2
325000,4,124,3,1,301.752,2057.4,1,0,0,4,1947,0,98133,47.7125,-122.331,0,3
182700,11,840,3,2.25,530.352,2026.92,1,0,0,3,1978,0,98023,47.2979,-122.379,0,2
1060000,5,630,4,2.5,685.8,3096.768,2,0,0,5,1967,0,98040,47.5645,-122.219,0,4
780500,7,156,5,1,536.448,1299.6672,2,0,0,3,1902,0,98112,47.6246,-122.312,0,2
391500,4,124,3,2,441.96,2783.4336,1,0,0,3,1987,0,98034,47.7288,-122.226,0,2
200000,5,840,4,1,411.48,3507.3336,1,0,0,3,1966,0,98055,47.4269,-122.197,0,2
774000,10,156,4,2.75,612.648,2133.6,2,0,0,5,1901,0,98199,47.6607,-122.396,0,4
292000,9,356,3,2.25,542.544,2962.656,1,0,0,3,1981,0,98059,47.4762,-122.156,0,2
487000,11,156,3,1.75,539.496,3086.1,2,0,0,3,1944,1978,98133,47.7289,-122.353,0,2
624800,5,784,3,2,685.8,4350.7152,1,0,0,4,1964,0,98040,47.5762,-122.217,0,3
1054690,9,484,4,3.5,1033.272,1212.7992,2,0,0,3,2014,0,98199,47.6482,-122.408,0,2
620000,1,826,4,2,539.496,2346.96,1.5,0,0,4,1962,0,98007,47.5916,-122.146,0,3
550000,5,356,3,3.5,758.952,1091.7936,2,0,0,3,2005,0,98027,47.5338,-122.067,0,2
452000,11,356,4,2.25,789.432,3048.6096,1,0,0,4,1968,0,98028,47.7689,-122.266,0,3
332000,6,630,2,1,304.8,1455.7248,1,0,0,4,1942,0,98108,47.5619,-122.315,0,3
275000,5,484,3,1.75,359.664,1908.048,1,0,0,4,1993,0,98038,47.3531,-122.048,0,3
629000,9,156,4,2.25,579.12,3404.9208,1,0,0,3,1984,0,98006,47.561,-122.126,0,2
232000,1,124,3,2,390.144,4070.9088,1,0,0,3,1994,0,98042,47.3715,-122.074,0,2
3200000,11,250,6,5,2164.08,5547.36,2.5,0,0,3,1933,2002,98199,47.6427,-122.408,0,2
460000,8,156,3,1,566.928,1938.528,1,0,0,3,1954,0,98136,47.5327,-122.392,0,2
280000,1,484,3,2.5,487.68,1301.8008,2,0,0,3,2000,0,98001,47.3303,-122.269,0,2
401500,2,484,3,2.5,459.9432,339.5472,3,0,0,3,2014,0,98133,47.7048,-122.34,0,2
455000,1,484,2,1.5,365.76,383.7432,2,0,0,3,2015,0,98144,47.6001,-122.298,0,2
970000,11,356,2,1,393.192,1638.6048,1,0,0,3,1945,0,98115,47.6966,-122.315,0,2
462000,10,826,3,1.5,521.208,1371.6,1.5,0,0,3,1928,0,98118,47.5366,-122.268,0,2
190848,11,484,4,1.5,417.576,2409.1392,1,0,0,3,1970,0,98001,47.3344,-122.28,0,2
589000,11,840,4,2.5,886.968,1760.5248,2,0,2,3,1998,0,98065,47.5388,-121.87,1,2
430000,1,840,3,2.5,515.112,399.288,2,0,0,3,2004,0,98136,47.5404,-122.387,0,2
272450,1,156,3,1,411.48,2430.1704,1.5,0,0,3,1954,0,98188,47.4323,-122.292,0,2
532000,10,124,5,3,1060.704,17525.6952,1,0,0,4,1976,0,98027,47.4574,-122.024,0,3
590000,6,124,3,3,530.352,335.28,3,0,0,3,2007,0,98107,47.67,-122.391,0,2
490000,11,356,3,1,384.048,2937.6624,2,0,0,4,1920,0,98033,47.6773,-122.178,0,3
409950,1,484,3,1.75,402.336,1837.944,1,0,0,4,1969,0,98052,47.6993,-122.13,0,3
565000,6,756,3,2.5,569.976,322.4784,3,0,0,3,2007,0,98103,47.6512,-122.345,0,2
557510,11,840,4,2,481.584,1463.04,1.5,0,2,3,1912,0,98136,47.5454,-122.383,1,2
282000,11,710,3,2.5,612.648,1645.6152,2,0,0,3,2006,0,98042,47.3338,-122.052,0,2
599000,3,840,3,2,780.288,4474.464,1,0,0,3,1987,0,98052,47.648,-122.118,0,2
525300,10,124,4,1.75,768.096,2368.296,1,0,0,3,1965,0,98177,47.7721,-122.372,0,2
415000,9,124,4,2.25,768.096,2438.4,1,0,2,3,1970,0,98023,47.3202,-122.383,1,2
326995,2,840,3,2.5,566.928,1621.8408,2,0,0,3,2000,0,98038,47.3848,-122.033,0,2
394000,11,484,3,2,353.568,1048.8168,1,0,0,4,1930,0,98136,47.5314,-122.392,0,3
453000,1,124,3,1.75,472.44,2194.56,1,0,0,3,1949,0,98125,47.7071,-122.314,0,2
227000,5,484,3,1,344.424,3053.4864,1,0,0,4,1954,0,98032,47.3733,-122.275,0,3
289950,4,76,4,1.75,457.2,2560.32,1,0,0,3,1956,0,98188,47.4531,-122.273,0,2
425000,11,840,2,1,381,1792.224,1,0,0,3,1948,0,98117,47.6908,-122.391,0,2
460000,11,840,2,1.5,545.592,1146.048,1.5,0,0,4,1928,0,98117,47.6871,-122.373,0,3
705000,9,840,4,3.25,835.152,1627.3272,2.5,0,0,3,2004,0,98103,47.6706,-122.356,0,2
459000,7,484,4,1.75,688.848,2957.4744,1,0,0,2,1978,0,98052,47.6622,-122.145,0,1
278800,1,840,4,2.5,743.712,2376.5256,1,0,0,3,1965,0,98031,47.3895,-122.222,0,2
469000,8,840,3,2.25,554.736,2574.3408,2,0,0,3,1978,0,98034,47.7208,-122.236,0,2
305000,9,124,3,2.25,417.576,2011.68,2,0,0,4,1993,0,98038,47.3504,-122.035,0,3
2000000,1,250,5,4,1395.984,1354.2264,3,1,4,3,2004,0,98075,47.5682,-122.059,3,2
306500,1,156,3,2.5,600.456,1917.4968,2,0,0,4,1998,0,98042,47.3627,-122.073,0,3
518380,1,826,4,2.5,856.488,1371.6,2,0,0,3,2014,0,98038,47.3552,-122.023,0,2
475000,2,356,3,2.5,676.656,18587.9232,2,0,0,4,1987,0,98027,47.4802,-122.052,0,3
490000,8,784,3,1.75,524.256,3822.192,1,0,0,4,1956,0,98006,47.5699,-122.177,0,3
750000,11,356,4,2.75,972.312,2750.2104,2,0,0,3,2005,0,98075,47.5898,-121.989,0,2
389900,1,840,4,1,521.208,35715.2448,1.5,0,0,4,1942,0,98055,47.4497,-122.212,0,3
455000,2,484,5,2.25,1057.656,8599.0176,1.5,0,0,4,1978,0,98042,47.3342,-122.108,0,3
210000,6,840,3,2.5,490.728,2051.9136,2,0,0,3,1994,0,98030,47.3658,-122.172,0,2
637500,9,156,4,3,707.136,1361.8464,2,0,0,3,1999,0,98029,47.546,-122.009,0,2
420000,11,840,3,2.5,539.496,1217.0664,2,0,0,3,1999,0,98074,47.6027,-122.02,0,2
2187730,1,724,4,4.5,1292.352,4011.7776,2,0,0,3,2004,0,98039,47.6193,-122.229,0,2
897500,10,124,4,3,1331.976,66410.4336,2,0,0,3,1984,0,98053,47.6573,-122.034,0,2
1400000,2,156,4,2.5,1231.392,2935.224,1,0,3,4,1951,0,98199,47.6408,-122.41,4,3
500000,11,840,2,1,307.848,1184.148,1.5,0,0,4,1906,1990,98112,47.6224,-122.304,0,3
310000,1,826,3,1.75,573.024,9249.4608,1,0,0,3,1988,0,98001,47.3515,-122.291,0,2
135000,7,156,3,1,252.984,2926.08,1,0,0,3,1959,0,98032,47.3698,-122.297,0,2
368000,3,840,2,2,283.464,506.5776,1,0,0,3,2002,0,98199,47.6518,-122.4,0,2
505500,6,840,3,2.5,396.24,361.7976,3,0,0,3,2005,0,98107,47.6704,-122.391,0,2
1010000,10,156,3,2.25,658.368,2286,2,0,0,3,1982,0,98112,47.6232,-122.299,0,2
415000,1,380,4,2.5,353.568,4879.2384,1,0,0,4,1989,0,98155,47.7643,-122.295,0,3
825000,9,484,3,3,1136.904,10942.32,1,0,0,3,1979,0,98008,47.5814,-122.122,0,2
600000,10,756,2,2.25,707.136,5766.5112,2,1,4,4,1976,0,98070,47.3905,-122.462,3,3
920000,5,840,4,3.25,667.512,1299.972,2,0,0,3,2015,0,98122,47.6178,-122.29,0,2
303000,8,643,3,2.5,626.6688,1086.3072,2,0,0,3,2014,0,98092,47.338,-122.181,0,2
258000,1,528,3,1.75,493.776,2298.192,1,0,0,3,1988,0,98038,47.3635,-122.052,0,2
430000,2,356,3,2.5,618.744,2368.296,2,0,0,3,2003,0,98024,47.5253,-121.93,0,2
710000,11,630,4,2,530.352,2743.2,1,0,0,5,1958,0,98033,47.6815,-122.198,0,4
330000,11,156,3,1.75,445.008,2822.7528,1,0,0,3,1985,0,98056,47.5155,-122.189,0,2
1050000,11,840,4,3.25,1341.12,5067.3,2,0,0,3,2003,0,98075,47.5868,-121.968,0,2
585000,9,484,4,2.5,740.664,2062.2768,2,0,0,3,1999,0,98177,47.7294,-122.358,0,2
289000,6,840,2,1.5,353.568,657.7584,2,0,0,3,1982,0,98034,47.7178,-122.19,0,2
289950,6,840,3,2.5,630.936,1872.996,2,0,0,3,2003,0,98092,47.3357,-122.172,0,2
535000,1,156,2,1,316.992,1684.6296,1,0,0,3,1951,0,98115,47.6774,-122.284,0,2
458000,11,840,3,1.5,448.056,2916.936,1,0,0,3,1941,0,98125,47.7032,-122.306,0,2
1440000,6,756,3,3.5,1179.576,1164.0312,2,0,0,3,2002,0,98102,47.6452,-122.317,0,2
833000,1,840,4,1.75,688.848,3730.1424,1,0,0,3,1967,0,98005,47.5976,-122.178,0,2
270000,8,124,3,2.25,728.472,2133.6,1,0,0,4,1970,0,98058,47.4568,-122.169,0,3
1001000,1,840,4,2,944.88,2438.4,1.5,0,0,5,1939,0,98103,47.6852,-122.329,0,4
448000,2,56,4,2.5,679.704,1524,1,0,0,3,2006,0,98059,47.4799,-122.129,0,2
299950,6,124,3,1.75,603.504,3436.3152,1,0,0,4,1968,0,98058,47.4474,-122.167,0,3
210000,9,840,3,2,438.912,3081.8328,1,0,0,3,1963,0,98001,47.345,-122.283,0,2
330000,5,484,3,1,277.368,3121.152,1,0,0,4,1969,0,98053,47.6729,-122.064,0,3
907687,9,840,4,2.5,1085.088,2068.3728,2,0,0,3,2014,0,98075,47.5756,-122.071,0,2
530000,11,156,3,1.75,402.336,762,1,0,0,3,1918,0,98105,47.6681,-122.305,0,2
280000,1,124,3,2,542.544,3457.0416,1,0,0,3,1964,0,98148,47.4617,-122.327,0,2
1325000,7,124,4,3.5,661.416,1119.2256,2,0,0,3,1905,1989,98115,47.6828,-122.329,0,2
324500,5,356,4,2.5,643.128,1165.86,2,0,0,3,2012,0,98042,47.3602,-122.082,0,2
442500,11,484,3,1.5,548.64,2530.7544,1,0,0,3,1957,0,98133,47.7693,-122.357,0,2
321000,1,356,4,2.25,548.64,1371.6,2,0,0,4,2004,0,98031,47.394,-122.183,0,3
270000,7,156,3,1,344.424,2414.016,1,0,0,3,1961,0,98059,47.4852,-122.125,0,2
665000,11,840,3,2.5,795.528,10668,2,0,0,3,1988,0,98072,47.7377,-122.101,0,2
640000,11,840,3,1.5,597.408,1243.584,1.5,0,0,3,1915,0,98115,47.6768,-122.31,0,2
319500,1,484,3,1,362.712,2575.56,1,0,0,5,1961,0,98059,47.4807,-122.157,0,4
378000,10,250,2,2.5,518.16,765.9624,2,0,0,3,2009,0,98065,47.5163,-121.878,0,2
690000,2,124,2,1.75,487.68,1219.2,1,0,0,5,1918,0,98112,47.6408,-122.3,0,4
333000,9,840,4,2,481.584,2377.44,2,0,0,2,1906,0,98144,47.5848,-122.302,0,1
840500,7,484,3,2,768.096,1645.92,1.5,0,0,4,1906,0,98119,47.6365,-122.361,0,3
324000,4,840,2,1,249.936,2551.176,1,0,0,4,1941,0,98177,47.7256,-122.361,0,3
435000,7,156,2,1,502.92,1556.3088,1,0,0,3,1960,0,98115,47.6992,-122.309,0,2
525000,7,356,4,2.5,835.152,3689.9088,1,0,0,3,1992,0,98133,47.7648,-122.355,0,2
613000,3,484,5,2.5,630.936,3657.6,1,0,0,4,1967,0,98008,47.626,-122.104,0,3
1615000,2,56,4,3.25,1295.4,3743.2488,2,0,4,3,1996,0,98006,47.5507,-122.113,3,2
345000,11,156,3,1,338.328,1905,1,0,0,3,1956,0,98115,47.6977,-122.292,0,2
1195000,11,484,4,4,1234.44,2900.7816,2,0,0,3,1990,0,98040,47.5769,-122.215,0,2
525000,5,356,3,2.5,822.96,2265.8832,2,0,0,3,1991,0,98072,47.7434,-122.174,0,2
367500,9,840,5,3,908.304,3067.5072,1,0,0,3,1940,0,98155,47.7372,-122.316,0,2
142000,9,124,0,0,88.392,6362.7,1,0,0,1,1963,0,98024,47.5308,-121.888,0,0
580000,5,840,3,2,569.976,1615.44,1,0,0,3,2009,0,98053,47.7106,-122.02,0,2
360000,11,840,4,1.75,533.4,5733.288,1,0,0,3,1977,0,98059,47.4719,-122.074,0,2
481000,10,840,4,1.75,585.216,2895.6,1,0,0,4,1966,0,98006,47.5683,-122.177,0,3
750000,11,840,3,1,341.376,2605.7352,1,0,0,3,1952,0,98004,47.6294,-122.205,0,2
341000,11,840,3,1.5,524.256,2169.8712,1.5,0,0,4,1952,0,98155,47.7535,-122.314,0,3
896000,11,484,5,2.75,768.096,4907.28,1,0,3,4,1960,0,98040,47.528,-122.224,4,3
415000,7,156,3,1.5,414.528,547.116,2,0,0,3,1945,0,98199,47.6471,-122.397,0,2
290000,11,484,2,1,365.76,2667,1,0,0,3,1948,0,98155,47.7548,-122.327,0,2
295000,11,840,2,1,228.6,1371.6,1,0,0,3,1945,0,98122,47.607,-122.297,0,2
380950,3,484,2,2,341.376,316.6872,2,0,0,3,2007,0,98144,47.5788,-122.315,0,2
322500,2,250,4,2.5,554.736,2058.3144,2,0,0,3,1994,0,98038,47.3845,-122.032,0,2
236000,11,784,3,1.75,396.24,2735.8848,1,0,0,3,1967,0,98003,47.3357,-122.305,0,2
1139990,11,124,4,3.25,1139.952,3495.1416,2,0,0,3,2014,0,98029,47.581,-122.022,0,2
400000,7,124,4,2.5,771.144,2305.2024,1,0,0,3,1978,0,98011,47.7762,-122.21,0,2
671500,7,784,5,2.75,658.368,1219.2,1.5,0,0,5,1927,0,98105,47.667,-122.289,0,4
300000,6,356,4,2.5,560.832,1691.64,2,0,0,3,2004,0,98031,47.3937,-122.183,0,2
583000,11,840,6,2.75,801.624,5002.0728,1,0,0,4,1974,0,98052,47.6309,-122.093,0,3
580000,4,484,3,2.75,435.864,463.6008,2,0,0,3,2009,0,98119,47.6353,-122.371,0,2
293000,11,124,3,2.25,582.168,1061.0088,2,0,0,3,2009,0,98055,47.4293,-122.188,0,2
366000,1,840,3,2.5,722.376,1333.5,2,0,0,3,2006,0,98038,47.354,-121.999,0,2
499000,7,643,3,2.5,515.112,1478.5848,2,0,0,3,2004,0,98053,47.6795,-122.034,0,2
1600000,11,840,6,5,1844.04,70302.7296,2,0,3,3,2001,0,98024,47.6033,-121.943,4,2
385000,9,620,3,2.25,643.128,2438.4,2,0,0,3,1975,0,98034,47.7311,-122.204,0,2
290000,5,156,2,2,484.632,2857.5,1,0,0,3,1983,0,98055,47.4585,-122.205,0,2
615000,11,124,4,2.25,542.544,3127.248,2,0,0,3,1971,0,98052,47.6647,-122.142,0,2
225000,5,484,2,1,213.36,1828.8,1,0,0,3,1943,0,98055,47.4671,-122.212,0,2
481450,11,484,3,2,429.768,1463.04,1,0,0,3,1940,0,98117,47.6852,-122.378,0,2
230000,11,484,3,1,323.088,3117.4944,1,0,0,3,1948,0,98155,47.7481,-122.3,0,2
802500,3,756,4,3.75,1011.936,2447.544,2,0,0,3,2005,0,98075,47.5818,-121.972,0,2
169950,7,356,3,1,359.664,2996.7936,1,0,0,3,1970,0,98042,47.3845,-122.085,0,2
420000,11,356,3,1,323.088,2328.0624,1,0,0,5,1966,0,98007,47.5941,-122.142,0,4
194000,2,356,3,1,320.04,2309.4696,1,0,0,3,1983,0,98023,47.2891,-122.357,0,2
345000,7,840,3,1,365.76,2020.2144,1,0,0,4,1952,0,98155,47.7367,-122.319,0,3
649000,11,840,4,2.5,908.304,3890.4672,2,0,0,3,1994,0,98075,47.5857,-122.027,0,2
660000,5,840,3,2,633.984,1752.6,1,0,0,5,1926,0,98116,47.5791,-122.392,0,4
560000,11,784,4,3,829.056,2307.336,2,0,0,3,2008,0,98133,47.7113,-122.349,0,2
452000,8,250,2,2.5,384.048,344.7288,3,0,0,3,2006,0,98107,47.6715,-122.384,0,2
528000,10,250,4,1.75,566.928,2971.8,1,0,0,3,1969,0,98034,47.7097,-122.202,0,2
785000,1,56,3,2.75,917.448,561.4416,2,0,0,3,2011,0,98075,47.5836,-121.994,0,2
456500,11,724,4,2.5,786.384,3590.544,2,0,0,3,2003,0,98038,47.3658,-122.04,0,2
645000,7,156,3,2.5,646.176,60044.076,1,0,1,3,1997,0,98070,47.4089,-122.459,2,2
640000,2,156,3,2.5,652.272,2720.34,2,0,0,3,1991,0,98074,47.6314,-122.027,0,2
260000,11,840,3,2.25,585.216,2950.464,1,0,0,4,1961,0,98031,47.412,-122.195,0,3
213000,10,156,4,1.75,603.504,2743.2,1,0,0,2,1978,0,98023,47.3071,-122.381,0,1
895000,1,840,4,2.75,804.672,1219.2,2,0,0,5,1925,0,98115,47.6727,-122.297,0,4
853800,11,356,7,4,902.208,812.292,2,0,0,3,1927,2013,98144,47.5835,-122.313,0,2
570000,11,840,4,2.75,957.072,3327.8064,1,0,0,3,1968,1986,98034,47.7086,-122.243,0,2
709000,8,170,3,2.75,847.344,2194.56,1.5,0,0,4,1913,0,98118,47.5632,-122.27,0,3
1040000,2,250,5,3.25,1453.896,15268.6512,1,0,0,4,1973,0,98005,47.6525,-122.16,0,3
250000,2,484,3,2,347.472,3401.8728,1,0,0,4,1998,0,98022,47.209,-122.012,0,3
235000,5,250,2,1,262.128,3200.4,1,0,0,3,1943,0,98024,47.5662,-121.886,0,2
323800,11,710,3,2.5,627.888,2334.1584,2,0,0,3,2003,0,98023,47.2923,-122.36,0,2
256900,2,840,3,2.5,524.256,1204.2648,2,0,0,3,1992,0,98031,47.4033,-122.187,0,2
768000,2,840,3,2.5,981.456,16507.968,2,0,2,4,1981,0,98006,47.5468,-122.109,1,3
665000,11,484,3,2.25,786.384,1828.8,2,0,0,3,1925,0,98144,47.5778,-122.289,0,2
530000,11,484,3,2.25,385.2672,468.1728,2,0,0,3,2003,0,98105,47.6694,-122.279,0,2
405000,11,484,3,2.75,399.288,2225.04,1,0,0,3,1957,0,98008,47.6016,-122.123,0,2
402000,4,484,5,2.75,844.296,2322.576,1,0,0,3,1965,0,98106,47.5188,-122.348,0,2
205000,1,484,2,1.5,252.984,310.896,2,0,0,3,2006,0,98106,47.5604,-122.363,0,2
430000,11,356,2,1,301.752,1463.6496,1,0,0,3,1947,0,98117,47.6876,-122.395,0,2
335000,2,356,4,2,582.168,3108.96,1,0,0,4,1963,0,98059,47.4804,-122.133,0,3
205000,1,630,3,1,320.04,2590.1904,1,0,0,3,1958,0,98031,47.4038,-122.203,0,2
155000,4,840,2,1,307.848,13123.4688,1.5,0,0,3,1990,0,98014,47.7105,-121.316,0,2
567000,3,840,4,1.75,801.624,3417.7224,1,0,2,4,1948,0,98177,47.7158,-122.366,1,3
476100,10,156,4,2.5,563.88,559.6128,2,0,0,3,2005,0,98029,47.5529,-121.996,0,2
225000,2,124,3,2.5,530.352,3063.24,2,0,0,3,1989,0,98001,47.2671,-122.236,0,2
275000,11,484,3,2,420.624,1066.8,2,0,0,3,1971,0,98118,47.5558,-122.27,0,2
338500,1,484,3,1.75,649.224,1673.0472,1,0,0,3,1999,0,98070,47.4489,-122.456,0,2
335000,7,784,3,1,323.088,3063.24,1,0,0,4,1967,0,98028,47.7355,-122.231,0,3
951250,11,484,5,3,826.008,2507.5896,1,0,2,3,1953,0,98199,47.6505,-122.39,1,2
739000,10,840,5,2.5,865.632,1524,1,0,0,4,1913,0,98144,47.5817,-122.291,0,3
517500,1,76,3,2.5,548.64,1198.7784,2,0,0,3,1989,0,98029,47.5746,-122.009,0,2
705000,1,840,4,3,960.12,2840.1264,2,0,0,3,2001,0,98075,47.5959,-122.018,0,2
423000,6,578,4,2,600.456,1975.104,1.5,0,0,5,1920,0,98108,47.5511,-122.312,0,4
870000,3,56,5,4,1036.32,1524,2,0,0,3,1900,2013,98107,47.6655,-122.363,0,2
300000,1,840,3,2.5,774.192,1539.24,2,0,0,3,2006,0,98042,47.3358,-122.055,0,2
700000,5,484,4,2,557.784,1399.032,2,0,0,3,1908,0,98105,47.6593,-122.327,0,2
880000,1,784,4,2,771.144,3291.84,1,0,0,5,1954,0,98040,47.5705,-122.225,0,4
375000,7,124,3,1.5,338.328,1676.4,1,0,0,3,1940,1997,98033,47.6717,-122.184,0,2
290000,7,840,5,1.5,646.176,2346.96,1.5,0,0,5,1962,0,98058,47.4599,-122.172,0,4
286800,1,484,3,2.5,430.6824,1097.28,2,0,0,3,2011,0,98031,47.4222,-122.193,0,2
530000,5,484,4,2.5,990.6,1371.6,2,0,0,3,2008,0,98059,47.4944,-122.15,0,2
405000,5,124,3,1.5,377.952,3040.38,1,0,0,3,1977,0,98024,47.5667,-121.905,0,2
453000,6,840,2,1.5,512.064,5303.52,1.5,0,0,3,1991,0,98038,47.3836,-122.006,0,2
580000,1,76,4,2.5,649.224,10897.2096,1,0,0,3,1980,0,98075,47.5748,-122.031,0,2
346290,2,724,4,2.75,819.912,2816.352,2,0,0,3,1998,0,98022,47.1896,-122.014,0,2
489950,11,356,3,2.5,731.52,2279.2944,2,0,0,3,2002,0,98019,47.7362,-121.974,0,2
316000,3,710,3,2.25,649.224,2658.1608,1,0,0,3,1987,0,98031,47.4202,-122.204,0,2
295000,1,484,3,1,304.8,2535.936,1,0,0,5,1951,0,98155,47.7548,-122.316,0,4
268300,1,756,3,1,362.712,2743.2,1,0,0,3,1968,0,98028,47.77,-122.264,0,2
199900,11,840,5,1.75,548.0304,3423.5136,1,0,0,3,1967,0,98001,47.3266,-122.291,0,2
1525000,6,840,4,3.5,1825.752,33856.5744,2,0,0,3,2004,0,98053,47.667,-121.994,0,2
229500,3,124,3,1.75,539.496,10126.6752,1,0,0,4,1968,0,98092,47.3377,-122.194,0,3
307000,11,840,3,1.5,707.136,2286,1,0,0,3,1976,0,98019,47.7413,-121.979,0,2
400000,11,156,4,1.75,518.16,6182.2584,1.5,0,0,3,1965,0,98019,47.7694,-121.903,0,2
355000,9,840,3,2.25,597.408,2133.6,1,0,0,3,1980,0,98058,47.4427,-122.126,0,2
287000,8,484,4,2.25,691.896,3656.6856,1,0,2,4,1959,0,98198,47.4095,-122.296,1,3
608250,11,643,4,2.75,923.544,6638.544,2,0,0,3,1986,0,98166,47.4481,-122.338,0,2
453000,11,566,3,1,368.808,2887.3704,1,0,0,5,1955,0,98006,47.5637,-122.139,0,4
689950,5,484,4,2.75,768.096,2570.3784,2,0,0,3,2014,0,98125,47.7214,-122.289,0,2
282000,11,156,2,1,350.52,1858.6704,1,0,0,3,1948,0,98125,47.7259,-122.328,0,2
325000,11,484,4,2.5,557.784,2365.8576,2,0,0,3,1993,0,98003,47.267,-122.31,0,2
311000,1,484,4,2.25,1018.032,2438.4,2,0,0,4,1973,0,98023,47.317,-122.385,0,3
397500,11,840,3,2,460.248,2045.208,1,0,0,3,1972,0,98034,47.7193,-122.216,0,2
965000,2,124,5,2.75,999.744,3862.7304,1,0,0,4,1981,0,98006,47.5504,-122.146,0,3
375000,11,156,3,2.5,487.68,622.4016,2,0,0,3,2005,0,98027,47.5341,-122.067,0,2
490000,3,484,3,2,722.376,3717.3408,2,0,0,4,1970,0,98033,47.6734,-122.176,0,3
825000,11,356,4,2.5,664.464,1219.2,2,0,0,3,1920,2005,98122,47.6186,-122.288,0,2
450000,2,56,2,1.5,466.344,308.4576,2,0,0,3,2005,0,98122,47.602,-122.306,0,2
535000,4,484,3,1,332.232,914.4,1.5,0,0,4,1929,0,98117,47.6889,-122.375,0,3
339900,10,484,4,1.75,792.48,5499.2016,1,0,0,4,1969,0,98092,47.2969,-122.189,0,3
930000,7,124,4,2.5,670.56,1219.2,2,0,0,5,1908,0,98119,47.6402,-122.37,0,4
1000000,8,840,3,1,469.392,7467.6,1.5,0,0,3,1949,0,98125,47.7213,-122.29,0,2
350000,1,124,4,2,524.256,2197.608,1,0,0,3,1971,0,98034,47.7307,-122.239,0,2
834950,2,630,5,3.5,1106.424,1496.8728,2,0,0,3,2014,0,98034,47.718,-122.156,0,2
475200,6,840,3,2.5,509.016,1213.104,2,0,0,3,2000,0,98027,47.5317,-122.047,0,2
290000,11,76,2,1,259.08,2072.64,1,0,0,3,1948,0,98133,47.7282,-122.337,0,2
347500,3,840,3,1,557.784,3668.5728,1,0,0,3,1977,0,98042,47.3126,-122.043,0,2
293000,1,484,4,1,344.424,2532.2784,1.5,0,0,4,1944,0,98166,47.4669,-122.355,0,3
1295000,11,840,3,2.75,1018.032,3867.912,1,0,0,3,1956,1988,98105,47.6665,-122.27,0,2
140000,1,76,3,1,377.952,2438.4,1,0,0,4,1954,0,98198,47.4204,-122.316,0,3
284000,10,643,3,1.75,402.336,10698.48,1,0,0,3,1990,0,98092,47.312,-122.129,0,2
407193,4,356,4,2,573.024,4466.2344,2,0,0,3,1978,0,98014,47.6959,-121.921,0,2
497000,8,784,3,2.25,496.824,1163.4216,2,0,0,3,2005,0,98029,47.5485,-121.999,0,2
1460000,3,840,4,3.5,1280.16,4374.7944,2,0,2,3,1996,0,98040,47.5331,-122.217,1,2
767450,5,156,3,2,496.824,2316.1752,1,0,0,3,2006,0,98117,47.6981,-122.376,0,2
346000,6,484,3,1.75,387.096,2468.88,1,0,0,3,1950,0,98146,47.4828,-122.344,0,2
1112500,2,840,6,4,1097.28,1897.0752,2,0,0,3,1945,2006,98199,47.6531,-122.405,0,2
970000,2,840,3,2.25,932.688,3032.76,1.5,0,2,4,1930,0,98144,47.579,-122.284,1,3
1150000,9,840,5,2.5,1091.184,2719.1208,2,0,0,3,2000,0,98033,47.693,-122.202,0,2
635000,1,484,5,3.5,1264.92,4033.1136,2,0,0,3,2006,0,98003,47.3417,-122.182,0,2
407000,4,156,4,2.25,856.488,7132.32,1,0,1,3,1958,0,98198,47.395,-122.311,2,2
450000,6,76,3,1,353.568,11226.0888,1,0,0,3,1938,0,98028,47.7507,-122.237,0,2
213000,7,156,3,1.75,365.76,16861.8408,1.5,0,0,5,1977,0,98010,47.3492,-121.935,0,4
515000,8,356,4,2.5,880.872,4592.4216,2,0,0,3,2003,0,98024,47.5666,-121.907,0,2
213000,2,484,2,1,228.6,1855.9272,1,0,2,3,1937,0,98055,47.475,-122.199,1,2
610000,1,124,4,2.75,792.48,11150.4984,1,0,0,5,1976,0,98075,47.593,-122.054,0,4
2408000,2,124,5,2.5,1402.08,7086.6,1.5,0,2,3,1918,2003,98004,47.623,-122.218,1,2
275000,1,484,3,1.75,396.24,2468.5752,1,0,0,4,1976,0,98056,47.5026,-122.172,0,3
720000,1,643,3,2.5,960.12,46204.0224,2,0,0,3,2007,0,98024,47.572,-121.926,0,2
545000,11,826,3,2.5,652.272,12244.7304,2,0,0,4,1990,0,98027,47.4786,-122.066,0,3
515000,10,840,4,2.5,618.744,11902.1352,1,0,0,4,1953,0,98166,47.4413,-122.345,0,3
355000,4,484,3,2,658.368,2466.1368,1.5,0,0,3,2000,0,98003,47.3474,-122.303,0,2
475000,1,484,4,2.5,762,1371.6,2,0,0,3,2010,0,98059,47.4928,-122.149,0,2
470000,1,356,3,2,527.304,11851.8432,1,0,0,3,1997,0,98038,47.4164,-121.951,0,2
306000,9,76,5,2,445.008,51647.7504,1.5,0,0,3,1910,0,98030,47.3714,-122.177,0,2
490000,11,840,3,2,676.656,3131.82,2,0,0,3,1980,0,98027,47.5304,-122.055,0,2
485000,11,784,4,1.75,624.84,2716.6824,1,0,0,3,1968,0,98052,47.6735,-122.151,0,2
255000,5,484,4,2,780.288,3704.844,1,0,0,4,1960,0,98003,47.3326,-122.323,0,3
218000,1,484,4,1,493.776,5334,1,0,0,3,1962,0,98023,47.3021,-122.388,0,2
545000,11,124,3,2.5,664.464,4783.2264,1,0,0,4,1979,0,98075,47.592,-122.082,0,3
561000,5,484,3,2.5,646.176,1608.4296,2,0,0,3,2005,0,98053,47.6811,-122.034,0,2
1065000,4,840,2,1.75,576.072,2885.2368,2,0,0,3,1987,0,98004,47.6144,-122.211,0,2
399950,11,826,3,2.5,448.056,1367.9424,2,0,0,5,1980,0,98034,47.723,-122.162,0,4
574000,2,124,2,2.25,335.28,339.5472,2,0,0,3,2009,0,98122,47.6199,-122.304,0,2
475000,9,756,3,2.25,694.944,1752.6,1,0,1,4,1985,0,98116,47.5641,-122.393,2,3
179900,6,784,2,1,207.264,1950.72,1,0,0,3,1943,0,98168,47.5136,-122.316,0,2
319990,11,124,4,1.5,576.072,3263.4936,1,0,0,3,1962,0,98148,47.428,-122.326,0,2
465000,6,784,3,1.75,429.768,2098.8528,1,0,0,3,1924,2013,98133,47.7183,-122.353,0,2
875000,5,484,4,1.75,719.328,2525.5728,1,0,0,3,1952,0,98004,47.6226,-122.205,0,2
309950,2,484,2,1.5,460.248,3000.1464,1,0,0,4,1961,0,98188,47.4419,-122.27,0,3
386500,3,484,3,1.75,463.296,2240.28,1,0,0,4,1972,0,98034,47.7167,-122.17,0,3
199950,9,124,3,1,307.848,2208.276,1,0,0,3,1969,0,98003,47.3338,-122.306,0,2
535900,2,840,3,2.25,573.024,3316.224,1,0,0,3,1975,0,98008,47.5937,-122.116,0,2
309950,11,840,3,2.5,573.024,2389.0224,2,0,0,3,1994,0,98055,47.4439,-122.19,0,2
324500,11,840,3,2.5,484.632,1252.1184,2,0,0,3,2003,0,98056,47.4832,-122.181,0,2
445000,7,356,4,2.5,911.352,1945.5384,2,0,0,3,2003,0,98038,47.3499,-122.027,0,2
299000,2,840,4,2.5,701.04,2468.88,1,0,0,4,1979,0,98023,47.2979,-122.371,0,3
330000,11,156,3,2.5,487.68,8222.5896,2,0,0,3,2005,0,98019,47.7736,-121.901,0,2
570000,11,484,4,2,545.592,2377.44,1,0,0,5,1972,0,98008,47.6266,-122.103,0,4
1260000,7,156,2,1.5,822.96,2202.18,1.5,0,4,3,1910,2008,98116,47.5892,-122.383,3,2
449950,2,840,4,2.5,944.88,3048,2,0,0,3,1978,0,98042,47.3741,-122.15,0,2
263500,5,643,3,1.75,469.392,1912.0104,1,0,0,4,1951,0,98118,47.5305,-122.277,0,3
322500,9,484,3,2,411.48,4328.16,1,0,0,3,1989,0,98019,47.7315,-121.972,0,2
420000,11,840,4,2.25,618.744,3657.6,2,0,0,3,1977,0,98011,47.7699,-122.168,0,2
250000,9,484,5,1.5,768.096,1753.5144,1.5,0,0,4,1928,0,98022,47.2058,-121.997,0,3
436000,8,756,3,2.5,445.008,377.3424,2,0,0,3,2008,0,98107,47.6719,-122.374,0,2
255000,10,124,3,1,438.912,3453.384,1,0,0,3,1965,0,98168,47.4742,-122.265,0,2
624000,11,484,3,1.75,460.248,1584.96,1,0,0,4,1922,0,98117,47.6864,-122.365,0,3
343000,11,840,2,1.5,335.28,374.2944,2,0,0,3,2007,0,98118,47.5538,-122.282,0,2
950000,6,484,4,2.5,1011.936,2329.8912,2,0,0,3,1995,0,98006,47.5541,-122.106,0,2
420000,6,840,3,2.25,548.64,2987.04,1,0,0,4,1959,0,98028,47.7393,-122.244,0,3
480000,1,356,5,2.5,832.7136,2895.6,1,0,2,4,1975,0,98003,47.3436,-122.323,1,3
563250,9,840,3,1.75,417.576,853.44,1,0,0,5,1982,0,98122,47.6157,-122.291,0,4
485000,5,840,3,1,344.424,1755.0384,1,0,0,3,1939,0,98199,47.6413,-122.401,0,2
334000,6,724,1,1,204.216,1752.6,1,0,0,3,1942,2011,98116,47.5624,-122.394,0,2
1255780,4,840,5,4,1274.064,3670.4016,2,0,0,3,2014,0,98075,47.5959,-122.014,0,2
357500,11,124,3,1,326.136,3086.1,1,0,0,3,1961,0,98033,47.7012,-122.167,0,2
340000,11,784,4,2.5,920.496,2667,1,0,0,3,1960,0,98188,47.4298,-122.29,0,2
275000,4,484,3,1.5,426.72,2971.8,1,0,0,4,1964,0,98030,47.3768,-122.17,0,3
275000,11,40,3,1.5,579.12,2967.8376,1,0,0,4,1968,0,98031,47.4125,-122.207,0,3
813000,2,528,4,2.5,1011.936,16065.0936,2,0,0,3,1999,0,98074,47.6247,-122.016,0,2
685530,11,250,4,2.5,954.024,18430.3416,2,0,0,3,1996,0,98014,47.6618,-121.962,0,2
274950,1,124,3,1.75,560.832,5083.7592,1,0,0,3,1989,0,98001,47.3207,-122.275,0,2
805000,9,124,4,2.25,743.712,3014.1672,1,0,0,3,1952,0,98115,47.6932,-122.3,0,2
570000,11,643,3,2.5,731.52,2125.98,2,0,0,3,1993,0,98056,47.534,-122.179,0,2
475000,2,484,2,1,249.936,829.9704,1,0,0,3,1921,0,98103,47.6623,-122.339,0,2
400000,5,484,4,2.25,679.704,2194.56,1,0,0,4,1963,0,98133,47.7648,-122.33,0,3
525000,5,840,4,2.5,865.632,1447.8,2,0,0,3,2002,0,98058,47.4511,-122.121,0,2
350000,6,40,2,1,219.456,1773.936,1,0,1,5,1950,0,98028,47.7598,-122.255,2,4
320000,6,56,4,1.5,399.288,41822.8272,1.5,0,0,4,1926,0,98198,47.362,-122.316,0,3
425000,9,484,2,1,387.096,1828.8,1,0,0,3,1939,0,98199,47.6482,-122.393,0,2
435000,7,484,4,1,441.96,2682.24,1,0,0,4,1954,0,98006,47.5746,-122.135,0,3
353500,9,156,4,2.25,536.448,2926.6896,2,0,0,3,1987,0,98058,47.4248,-122.158,0,2
402000,8,156,4,2.75,899.16,4736.592,1,0,0,4,1974,0,98042,47.3845,-122.152,0,3
453000,9,840,4,2,573.024,1554.48,1,0,0,3,1952,0,98103,47.6872,-122.349,0,2
420000,1,484,4,1,460.248,457.5048,1.5,0,0,3,1906,0,98103,47.6526,-122.342,0,2
539000,4,578,5,1,518.16,3574.3896,1.5,0,0,4,1954,0,98033,47.686,-122.172,0,3
560000,7,840,3,2,637.032,4812.792,1,0,0,3,1992,0,98034,47.7296,-122.199,0,2
325000,11,840,4,2.5,679.704,2590.8,2,0,0,3,1994,0,98022,47.2082,-122.009,0,2
791000,1,124,3,2.25,740.664,1676.4,2,0,0,3,1989,0,98033,47.6812,-122.196,0,2
189950,5,840,4,2,582.168,1287.78,1,0,0,4,1919,0,98001,47.3084,-122.234,0,3
895000,5,784,4,3,1088.136,3131.2104,1.5,0,3,3,1935,2007,98074,47.6394,-122.077,4,2
325000,11,170,4,2.25,539.496,2377.1352,2,0,0,3,1998,0,98031,47.4192,-122.202,0,2
515000,1,124,2,1,323.088,1288.6944,1,0,0,3,1906,0,98112,47.6231,-122.293,0,2
590000,11,356,4,2.5,697.992,3374.7456,2,0,0,3,1986,0,98074,47.6283,-122.03,0,2
353500,7,156,4,3,624.84,1219.2,2,0,0,3,2014,0,98001,47.3523,-122.275,0,2
482000,1,484,2,1,289.56,1207.008,1,0,0,3,1941,0,98103,47.6885,-122.337,0,2
390000,7,840,3,1,377.952,1097.28,1.5,0,0,3,1902,0,98144,47.5986,-122.298,0,2
515000,6,840,4,2.5,975.36,1972.9704,2,0,0,3,2005,0,98059,47.5012,-122.15,0,2
437000,11,124,2,1.75,457.2,2072.64,1,0,0,4,1942,0,98117,47.7004,-122.371,0,3
460000,11,784,3,2.5,515.112,1563.9288,1,0,0,3,1941,1998,98126,47.5234,-122.38,0,2
380000,8,840,6,2,569.976,2124.1512,1,0,0,4,1968,0,98027,47.5342,-122.036,0,3
398000,7,156,4,2.5,859.536,1679.448,2,0,0,3,2005,0,98038,47.3477,-122.024,0,2
355000,11,356,3,1,487.68,1524.3048,1.5,0,0,5,1930,0,98125,47.7232,-122.289,0,4
210000,8,356,3,1,313.944,1396.8984,1,0,0,3,1967,0,98198,47.4231,-122.329,0,2
160000,6,156,2,1,252.984,1371.6,1,0,0,3,1920,0,98118,47.5248,-122.265,0,2
395000,9,124,3,2.25,542.544,2948.0256,1,0,0,3,1960,0,98133,47.7774,-122.35,0,2
364950,9,124,4,2.5,630.936,911.9616,2,0,0,3,2002,0,98058,47.4496,-122.12,0,2
675000,11,630,4,2.5,722.376,2950.1592,2,0,0,3,1984,0,98027,47.5631,-122.085,0,2
335000,9,156,3,2.5,350.52,208.1784,2,0,0,3,2013,0,98027,47.5323,-122.071,0,2
455000,11,156,3,1.5,420.624,2029.0536,2,0,0,3,1986,0,98034,47.7085,-122.217,0,2
1795000,11,56,5,3.25,1606.296,5252.3136,2,0,1,3,1977,2003,98040,47.5536,-122.228,2,2
489950,11,784,3,1.75,755.904,3293.0592,1,0,0,3,1976,0,98177,47.7721,-122.367,0,2
294570,1,356,3,1,347.472,2560.32,1,0,0,4,1960,0,98059,47.5022,-122.144,0,3
325000,11,156,2,1,341.376,1900.7328,1,0,0,4,1954,0,98155,47.763,-122.291,0,3
370000,4,380,4,2,615.696,2468.88,1.5,0,0,4,1946,0,98125,47.7307,-122.297,0,3
1265000,7,784,4,2.25,874.776,1828.8,1,0,0,5,1951,0,98112,47.6362,-122.282,0,4
321000,3,124,4,1,396.24,5741.2128,1,0,0,4,1941,0,98056,47.5029,-122.188,0,3
600000,9,840,2,2.5,734.568,31201.1568,1,0,0,4,1912,1989,98024,47.5629,-121.918,0,3
384000,11,840,3,2.5,469.392,476.7072,2,0,0,3,1998,0,98144,47.586,-122.313,0,2
720000,2,784,4,2.75,1027.176,2326.8432,1,0,2,5,1977,0,98056,47.5259,-122.204,1,4
310000,11,826,4,2.5,704.088,2250.6432,2,0,0,3,2010,0,98042,47.3737,-122.165,0,2
595000,11,840,3,1,475.488,1207.008,1.5,0,0,4,1907,0,98144,47.5936,-122.301,0,3
369950,11,124,4,2.5,624.84,1372.2096,2,0,0,3,2005,0,98059,47.5002,-122.15,0,2
359000,2,124,4,2.5,554.736,3451.86,1,0,0,3,1976,0,98166,47.4574,-122.361,0,2
445000,9,250,4,2.5,841.248,2608.4784,2,0,0,3,2001,0,98056,47.4802,-122.189,0,2
233000,1,156,4,2,649.224,2919.6792,1,0,0,4,1968,0,98001,47.3069,-122.271,0,3
1600000,4,484,4,3.5,1304.544,2920.8984,2,0,0,3,2005,0,98004,47.5979,-122.197,0,2
380000,1,528,4,2.5,762,3374.136,1,0,2,4,1964,0,98003,47.336,-122.334,1,3
825000,11,156,5,3,935.736,2582.8752,2,0,0,3,2011,0,98033,47.6852,-122.184,0,2
207500,11,124,3,1.75,402.336,3818.5344,1,0,0,4,1970,0,98042,47.3234,-122.142,0,3
322000,8,76,4,2.5,694.944,2194.56,2,0,0,3,1994,0,98030,47.3829,-122.207,0,2
402500,9,840,3,2.25,658.368,2907.792,2,0,0,3,1979,0,98028,47.7668,-122.243,0,2
1399950,10,840,4,2.75,1179.576,3062.0208,2,0,0,3,2005,0,98033,47.6651,-122.191,0,2
500000,9,484,4,2.5,789.432,2851.0992,2,0,0,4,1993,0,98011,47.7703,-122.193,0,3
265000,2,840,3,1.5,475.488,3197.0472,1,0,0,5,1961,0,98022,47.2048,-121.999,0,4
549000,1,484,4,1.75,393.192,932.688,2,0,0,4,1906,0,98103,47.6798,-122.348,0,3
476500,1,124,4,1.75,509.016,3108.96,1,0,0,3,1953,0,98118,47.5524,-122.267,0,2
440500,3,630,3,2.5,487.68,966.8256,2,0,0,3,2002,0,98053,47.6868,-122.042,0,2
407500,4,840,3,2.5,588.264,3188.208,2,0,0,3,1996,0,98059,47.4938,-122.161,0,2
292000,9,124,4,3,604.7232,1359.408,2,0,0,3,2012,0,98002,47.3532,-122.211,0,2
1550000,6,840,4,3.5,993.648,1524,2,0,0,5,1937,0,98105,47.6598,-122.273,0,4
625000,11,756,4,2,667.512,1103.9856,1.5,0,0,5,1925,0,98115,47.6887,-122.312,0,4
303500,6,484,6,4.5,1033.272,2194.56,2,0,0,3,2007,0,98118,47.5205,-122.288,0,2
535365,11,840,4,2.75,850.392,2124.1512,2,0,0,3,2012,0,98045,47.4836,-121.769,0,2
410000,8,484,3,2.5,530.352,1508.1504,2,0,0,3,2008,0,98053,47.6966,-122.025,0,2
299000,4,156,3,2.5,502.92,1440.18,2,0,0,3,2011,0,98038,47.3548,-122.055,0,2
470000,7,724,4,2.5,707.136,3670.4016,1,0,0,4,1975,0,98072,47.763,-122.16,0,3
422000,8,76,2,1,228.6,1219.2,1,0,0,4,1926,0,98118,47.5547,-122.272,0,3
610000,1,356,3,2.5,1048.512,5537.3016,2,0,0,3,1991,0,98023,47.2909,-122.342,0,2
1310000,2,356,2,2.25,1203.96,1200.3024,2,0,4,3,1991,0,98116,47.5912,-122.384,3,2
730000,4,840,4,2.75,1158.24,2927.9088,2,0,0,3,2008,0,98011,47.7368,-122.208,0,2
900000,1,484,3,2.5,868.68,3515.868,1,0,1,3,1952,2008,98155,47.748,-122.288,2,2
453000,8,484,4,2.5,762.6096,2531.6688,2,0,0,3,2013,0,98001,47.2953,-122.265,0,2
824000,1,484,2,1,368.808,2560.32,1,0,0,3,2000,0,98199,47.6503,-122.393,0,2
272000,1,484,3,2,420.624,2278.6848,1,0,0,3,1989,0,98001,47.3336,-122.272,0,2
399950,2,76,3,2.25,414.528,317.2968,2,0,0,3,2006,0,98117,47.6925,-122.375,0,2
257000,9,156,3,1.75,405.384,11136.4776,1,0,0,4,1989,0,98092,47.3126,-122.129,0,3
235000,3,124,2,1,387.096,916.8384,1,0,0,4,1923,0,98118,47.5351,-122.279,0,3
1070000,9,356,3,3,896.112,1408.7856,2,0,0,4,1988,0,98105,47.6641,-122.293,0,3
255000,11,250,2,1.75,594.36,2499.36,1,0,0,3,1975,0,98023,47.3161,-122.382,0,2
417000,1,840,3,2.75,554.736,16120.5672,2,0,0,3,1991,0,98070,47.501,-122.463,0,2
200000,11,124,3,1.5,347.472,2542.032,1,0,0,3,1960,0,98168,47.4773,-122.28,0,2
410000,1,840,3,2.5,597.408,1341.12,2,0,0,3,2006,0,98065,47.5384,-121.889,0,2
789888,2,124,5,3.5,1005.84,2395.728,2,0,0,3,2001,0,98006,47.5463,-122.192,0,2
268500,11,156,2,1.5,393.192,533.0952,1,0,0,3,1969,0,98008,47.6118,-122.116,0,2
630000,11,76,4,2,813.816,987.552,1.5,0,0,4,1930,0,98144,47.5841,-122.294,0,3
430000,2,840,2,2.25,316.992,462.0768,2,0,0,3,2008,0,98122,47.6037,-122.307,0,2
613200,11,156,3,2.75,624.84,1011.936,1.5,0,0,4,1927,0,98105,47.6719,-122.301,0,3
323000,10,840,4,2.75,609.6,2768.4984,2,0,0,4,1992,0,98038,47.3511,-122.058,0,3
455000,1,124,3,1.75,536.448,3465.8808,1,0,0,5,1959,0,98155,47.7616,-122.273,0,4
287000,3,76,4,2.5,810.768,1244.1936,2,0,0,3,2010,0,98042,47.3414,-122.055,0,2
605000,1,356,4,2.25,765.048,9626.8032,2,0,0,4,1979,0,98074,47.6153,-122.054,0,3
225000,4,643,3,1.5,417.576,2743.2,1,0,0,3,1962,0,98168,47.4973,-122.328,0,2
314000,3,156,3,1.75,411.48,66401.2896,1,0,0,3,1953,0,98022,47.2628,-122.03,0,2
265000,10,826,3,2.5,466.344,1828.8,2,0,0,4,1991,0,98038,47.3487,-122.036,0,3
270000,11,643,3,2.25,533.4,2560.32,1,0,0,3,1965,0,98188,47.4571,-122.272,0,2
925000,8,840,5,3,826.008,1280.16,2,0,0,3,1919,2014,98115,47.6754,-122.307,0,2
375000,11,840,3,1.75,405.384,2870.3016,1,0,0,5,1936,0,98125,47.7231,-122.301,0,4
